ID,Event Title,Date,Location,Nearest City/Junction,Event Happened?,Suicide Attack?,In Baseline?,In CPOST?,CPOST ID,CPOST Criteria,CPOST Criteria - WHY?,CPOST Date,Cpost Date - Discrepancy,CPOST - Location,CPOST Location - Discrepancy,In GTD?,GTD ID,GTD Link,GTD File,GTD Criteria,GTD Criteria - WHY?,GTD Date,GTD Date - Discrepancy,GTD Location,GTD Location - Vicinity,GTD Location - Discrepancy,Notes
254,"Car Bomb, Near Marjayoun, Lebanon",3/10/1985,"Near Marjayoun, South Lebanon",Marjayoun,"YES, OUTSIDE ISRAEL",YES,NO,NO,,,,,,,,YES,198503100001,http://www.start.umd.edu/gtd/search/IncidentSummary.aspx?gtdid=198503100001,1985-03-10.pdf (https://dl.airtable.com/M1oNDgSRS5q2IoFV0mCN_1985-03-10.pdf),,,3/10/1985,CORRECT,Metula,,INCORRECT,Event did not happen in Israel
311,"Explosive Boat, Near Rosh HaNikra, in Lebanon",10/30/1989,"At Sea, Off Naqura, South Lebanon",Naqura,"YES, OUTSIDE ISRAEL",YES,NO,"YES, OUTSIDE ISRAEL",-666926787,,,,,,,YES,198910300014,http://www.start.umd.edu/gtd/search/IncidentSummary.aspx?gtdid=198910300014,1989-10-30.pdf (https://dl.airtable.com/Vgh3E2JVRP2h2Pid1NwD_1989-10-30.pdf),,,10/30/1989,CORRECT,Rosh Hanikra,checked,AREA,Event did not happen in Israel
2,Mehola Junction Bombing,4/16/1993,Mehola junction,Mehola,YES,YES,Yes,YES,1371831319 ,YES,,4/16/1993,CORRECT,Mehola (S),CORRECT,NO,,,,,,,,,,,
368,"Car Bomb Against Military Bus, Gaza Strip ",9/12/1993,"Outside Gaza City, Gaza Strip",Gaza City,YES,YES,Yes,NO,,,,,,,,NO,,,,,,,,,,,
3,Beit El Car Bomb,10/4/1993,Near Beit El,Beit El,YES,YES,Yes,YES,846906566,YES,,10/4/1993,CORRECT,Shilo (S),INCORRECT,NO,,,,,,,,,,,
369,Sinjil Village Premature Bombing,11/2/1993,"Sinjil, West Bank",Sinjil,YES,ATTACK AVERTED,Yes,NO,,,,,,,,NO,,,,,,,,,,,
217,"Car Bomb, Golani Brigade Patrol, Gaza Strip",12/13/1993,Outskirts of Gaza City,Gaza City,YES,YES,NO,YES,-470587257,YES,,12/13/1993,CORRECT,Rafah,INCORRECT,NO,,,,,,,,,,,
4,Afula Bus Bombing,4/6/1994,Afula City Center,Afula,YES,YES,Yes,YES,-715689082,YES,,4/6/1994,CORRECT,Afula,CORRECT,YES,199404060018,http://www.start.umd.edu/gtd/search/IncidentSummary.aspx?gtdid=199404060018,1994-04-06.pdf (https://dl.airtable.com/1o3J1GamQjulaHeNPrmE_1994-04-06.pdf),YES,,4/6/1994,CORRECT,Afula,,CORRECT,
5,Hadera Central Bus Station Suicide Attack,4/13/1994,Hadera Central Bus Station,Hadera,YES,YES,Yes,YES,-294578190,YES,,4/13/1994,CORRECT,Hadera,CORRECT,YES,199404130016,http://www.start.umd.edu/gtd/search/IncidentSummary.aspx?gtdid=199404130016,1994-04-13.pdf (https://dl.airtable.com/qVjLGdUSJGSRYIpparTQ_1994-04-13.pdf),YES,,4/13/1994,CORRECT,Hadera,,CORRECT,
6,"Dizengoff Street Bus 5 Bombing, Tel Aviv",10/19/1994,"Bus 5, Dizengoff St., Tel Aviv",Tel Aviv,YES,YES,Yes,YES,-1118038832,YES,,10/19/1994,CORRECT,Tel Aviv,CORRECT,YES,199410190007,http://www.start.umd.edu/gtd/search/IncidentSummary.aspx?gtdid=199410190007,1994-10-19.pdf (https://dl.airtable.com/5Y4ZyowdTc20YDsYOwXB_1994-10-19.pdf),YES,,10/19/1994,CORRECT,Tel Aviv,,CORRECT,
7,Netzarim Junction Bicycle Bomb,11/11/1994,"Netzarim Junction, Gaza Strip",Netzarim,YES,YES,Yes,YES,537240194,YES,,11/11/1994,CORRECT,Netzarim (S),CORRECT,YES,199411110003,http://www.start.umd.edu/gtd/search/IncidentSummary.aspx?gtdid=199411110003,1994-11-11.pdf (https://dl.airtable.com/mdEEZznUQHqOAadxTBYX_1994-11-11.pdf),YES,,11/11/1994,CORRECT,Netzarim,,AREA,
312,Hebron Suicide Bomber,12/22/1994,"Hebron, West Bank",Hebron,YES,NO,NO,NO,,,,,,,,YES,199412220008,http://www.start.umd.edu/gtd/search/IncidentSummary.aspx?gtdid=199412220008,1994-12-22.pdf (https://dl.airtable.com/RjKBJD1SH23VRAoQxn9x_1994-12-22.pdf),NO,"According to most reports, the attacker died while preparing the bomb. He was not ""out the door"" and the detonation was not intentional.",12/22/1994,CORRECT,Hebron,,CORRECT,
8,"Binyanei Hauma Suicide Bombing, Jerusalem",12/25/1994,"Convention Center, Jerusalem",Jerusalem,YES,YES,Yes,YES,1117523630,YES,,12/25/1994,CORRECT,Jerusalem (West),CORRECT,YES,199412250003,http://www.start.umd.edu/gtd/search/IncidentSummary.aspx?gtdid=199412250003,1994-12-25.pdf (https://dl.airtable.com/QjJ85OdNRIfVikoRTUY7_1994-12-25.pdf),YES,,12/25/1994,CORRECT,Jerusalem,,CORRECT,
9,Beit Lid Junction Massacre,1/22/1995,Beit Lid Junction,Beit Lid Junction,YES,YES,Yes,YES,-1719272104,YES,,1/22/1995,CORRECT,Natanya,AREA,NO,,,,,,,,,,,
10,Kfar Darom Bus Attack,4/9/1995,Vicinity of Kfar Darom,Kfar Darom,YES,YES,Yes,YES,-613971756,YES,,4/9/1995,CORRECT,Kefar Darom (S),AREA,YES,199504090006,http://www.start.umd.edu/gtd/search/IncidentSummary.aspx?gtdid=199504090006,1995-04-09.pdf (https://dl.airtable.com/xGA0RwBxTRKdu973m8Ym_1995-04-09.pdf),YES,,4/9/1995,CORRECT,Kfar Darom,,CORRECT,
218,IDF Convoy near Netzarim,4/9/1995,"Near Netzarim, Gaza Strip",Netzarim,YES,YES,Yes,YES,1344604693,YES,,4/9/1995,CORRECT,Netzarim (S),AREA,YES,199504090007,http://www.start.umd.edu/gtd/search/IncidentSummary.aspx?gtdid=199504090007,1995-04-09 (b).pdf (https://dl.airtable.com/yXC7rMRuSRWFgsEj4KJb_1995-04-09%20(b).pdf),YES,,4/9/1995,CORRECT,Netzarim,,CORRECT,
219,"Donkey Bomb, IDF Base in Gaza Strip",6/25/1995,"Near Neve Dekalim, Gaza Strip",Neve Dekalim,YES,YES,NO,YES,-1537561231,YES,,6/25/1995,CORRECT,"Khan Yunis, West Bank",INCORRECT,NO,,,,,,,,,,,
11,Ramat Gan Bus 20 Bombing,7/24/1995,"Bus 20, Ramat Gan",Ramat Gan,YES,YES,Yes,YES,917511821,YES,,7/24/1995,CORRECT,Ramat Gan,CORRECT,YES,199507240012,http://www.start.umd.edu/gtd/search/IncidentSummary.aspx?gtdid=199507240012,1995-07-24.pdf (https://dl.airtable.com/jqDooVZ2RUKHCPqmp4Ws_1995-07-24.pdf),YES,,7/24/1995,CORRECT,Tel Aviv,,INCORRECT,Location coded as Tel Aviv
12,Ramat Eshkol Bus 26 Bombing,8/21/1995,"Bus 26, Ramat Eshkol, Jerusalem",Jerusalem,YES,YES,Yes,YES,896252265,YES,,8/21/1995,CORRECT,Jerusalem (East),CORRECT,YES,199508210008,http://www.start.umd.edu/gtd/search/IncidentSummary.aspx?gtdid=199508210008,1995-08-21.pdf (https://dl.airtable.com/EUsKt8ORgKPgT46FDxin_1995-08-21.pdf),YES,,8/21/1995,CORRECT,Jerusalem,,CORRECT,
313,Gaza Strip November 1995 First Car Bomb,11/2/1995,Gush Katif,Gush Katif,YES,YES,Yes,NO,,,,,,,,YES,199511020001,http://www.start.umd.edu/gtd/search/IncidentSummary.aspx?gtdid=199511020001,1995-11-02.pdf (https://dl.airtable.com/YZzq7405TfeJhmJzHpZe_1995-11-02.pdf),YES,,11/2/1995,CORRECT,"Unknown, Gaza Strip",,AREA,"In fact, there were two attacks in Gaza Strip on that day, minutes apart. GTD Does not specify an exact location, and neither is Haifa. So this row arbitrarily coded as location: Gaza Strip, and the other one as location: Kissufim"
370,Gaza Strip November 1995 Second Car Bomb,11/2/1995,"Near Kissufim Crossing, Gaza Strip",Kissufim,YES,YES,Yes,NO,,,,,,,,NO,,,,,,,,,,,
14,First Jerusalem Bus 18 Suicide Bombing,2/25/1996,"Bus 18, near Central Bus Station, Jerusalem",Jerusalem,YES,YES,Yes,YES,1360166379,YES,,2/25/1996,CORRECT,Jerusalem (West),CORRECT,YES,199602250005,http://www.start.umd.edu/gtd/search/IncidentSummary.aspx?gtdid=199602250005,1996-02-25 (jerusalem).pdf (https://dl.airtable.com/csdSF8CeREuJIz64WPS9_1996-02-25%20(jerusalem).pdf),YES,,2/25/1996,CORRECT,Jerusalem,,CORRECT,
13,Ashkelon Bus Station Bombing,2/25/1996,"Bus Station, Ashkelon Junction",Ashkelon,YES,YES,Yes,YES,1273314078,YES,,2/25/1996,CORRECT,Ashqelon,AREA,YES,199602250006,http://www.start.umd.edu/gtd/search/IncidentSummary.aspx?gtdid=199602250006,1996-02-25 (ashkelon).pdf (https://dl.airtable.com/YFrjkOwQDmXMngh8IxmV_1996-02-25%20(ashkelon).pdf),YES,,2/25/1996,CORRECT,Ashkelon,,CORRECT,
15,Second Jerusalem Bus 18 Suicide Bombing,3/3/1996,"Bus 18, Jaffa Road, Jerusalem",Jerusalem,YES,YES,Yes,YES,318127688,YES,,3/3/1996,CORRECT,Jerusalem (West),CORRECT,YES,199603030007,http://www.start.umd.edu/gtd/search/IncidentSummary.aspx?gtdid=199603030007,1996-03-03.pdf (https://dl.airtable.com/GwVPsE8zQ1CcCvXHVOM4_1996-03-03.pdf),YES,,3/3/1996,CORRECT,Jerusalem,,CORRECT,
16,Tel Aviv Dizengoff Center Suicide Bombing,3/4/1996,"Dizengoff Center, Tel Aviv",Tel Aviv,YES,YES,Yes,YES,860234452,YES,,3/4/1996,CORRECT,Tel Aviv,CORRECT,YES,199603040010,http://www.start.umd.edu/gtd/search/IncidentSummary.aspx?gtdid=199603040010,1996-03-04.pdf (https://dl.airtable.com/bE3umDiyQdWPWF4YRe9o_1996-03-04.pdf),YES,,3/4/1996,CORRECT,Tel Aviv,,CORRECT,
314,IDF Convoy in South Lebanon Bombing,3/21/1996,"Taibeh, South Lebanon","Taibeh, Lebanon","YES, OUTSIDE ISRAEL",YES,NO,"YES, OUTSIDE ISRAEL",948847195,,,,,,,YES,199603210001,http://www.start.umd.edu/gtd/search/IncidentSummary.aspx?gtdid=199603210001,1996-03-21.pdf (https://dl.airtable.com/1J8TsTS4SY6H8AxC1gPf_1996-03-21.pdf),YES,,3/21/1996,CORRECT,Metula,,INCORRECT,Event did not happen in Israel
17,Tel Aviv Café Apropo Bombing,3/21/1997,"Apropo Café, Ben-Gurion Blvd., Tel Aviv",Tel Aviv,YES,YES,Yes,YES,-1463751263,YES,,3/21/1997,CORRECT,Tel Aviv,CORRECT,NOT SUICIDE,199703210142,http://www.start.umd.edu/gtd/search/IncidentSummary.aspx?gtdid=199703210142,1997-03-21.pdf (https://dl.airtable.com/HGhmmWjdTJiDptA7VNY0_1997-03-21.pdf),,,3/21/1997,,Petah Tiqwa,,,In GTD: Location coded as Petah Tikwa; Event coded as non-suicide attack
221,Kfar Darom Suicide Attack,4/1/1997,"Near Kfar Darom, Gaza Strip",Kfar Darom,YES,PROBABLY,Yes,YES,929403286,PROBABLY,,,CORRECT,Kefar Darom (S),AREA,YES,199704010003,http://www.start.umd.edu/gtd/search/IncidentSummary.aspx?gtdid=199704010003,1997-04-01 (2).pdf (https://dl.airtable.com/OSFQKOODReFh4hj2i4gE_1997-04-01%20(2).pdf),PROBABLY,,4/1/1997,CORRECT,"Unknown, Gaza Strip",,AREA,
220,Netzarim Suicide Attack,4/1/1997,"Near Netzarim, Gaza Strip",Netzarim,YES,PROBABLY,Yes,NO,,,,,,,,YES,199704010002,http://www.start.umd.edu/gtd/search/IncidentSummary.aspx?gtdid=199704010002,1997-04-01 (1).pdf (https://dl.airtable.com/HroFG4KCRJ23rv4eTb0Z_1997-04-01%20(1).pdf),PROBABLY,,,CORRECT,"Unknown, Gaza Strip",,AREA,
18,First Jerusalem Mahane Yehuda Market Suicide Bombing,7/30/1997,"Mahne Yehuda Market, Jerusalem",Jerusalem,YES,YES,Yes,YES,-2100543043,YES,,7/30/1997,CORRECT,Jerusalem (West),CORRECT,YES,199707300002,http://www.start.umd.edu/gtd/search/IncidentSummary.aspx?gtdid=199707300002,1997-07-30.pdf (https://dl.airtable.com/sAZUHTAlR0ybLNgNod1l_1997-07-30.pdf),YES,,7/30/1997,CORRECT,Jerusalem,,CORRECT,
19,Jerusalem Ben Yehuda Street Bombing,9/4/1997,"Ben Yehuda Street, Jerusalem",Jerusalem,YES,YES,Yes,YES,-2014145562,YES,,9/4/1997,CORRECT,Jerusalem (West),CORRECT,YES,199709040001,http://www.start.umd.edu/gtd/search/IncidentSummary.aspx?gtdid=199709040001,1997-09-04.pdf (https://dl.airtable.com/VF8zDsFJT1u2M7jtj81N_1997-09-04.pdf),YES,,9/4/1997,CORRECT,Jerusalem,,CORRECT,
315,Ramallah Industrial Area Car Bomb,3/29/1998,"Beitunya Industrial Area, Ramallah",Ramallah,YES,UNCLEAR,NO,NO,,,,,,,,YES,199803300001,http://www.start.umd.edu/gtd/search/IncidentSummary.aspx?gtdid=199803300001,1998-03-30.pdf (https://dl.airtable.com/3KBV3hpTfKrPGh4GdbRb_1998-03-30.pdf),NO,"Detonation was not intentional. Attacker was not ""Out the door."" The event may have been an assassination.",3/30/1998,INCORRECT,Ramallah,,CORRECT,Probably not an attack. Correct date is 29 March
371,Car Bomb Attempt at Jerusalem Jaffa Road,7/19/1998,"Jaffa Rd., Jerusalem",Jerusalem,YES,ATTACK AVERTED,Yes,NO,,,,,,,,NO,,,,,,,,,,,
20,Kfar Darom School Bus Bombing,10/29/1998,"School Bus, Near Kfar Darom, Gaza Strip",Kfar Darom,YES,YES,Yes,YES,-1063598888,YES,,10/29/1998,CORRECT,Kefar Darom (S),AREA,YES,199810290001,http://www.start.umd.edu/gtd/search/IncidentSummary.aspx?gtdid=199810290001,1998-10-29.pdf (https://dl.airtable.com/nNstUoaBSVrSNgUVcgzU_1998-10-29.pdf),YES,,10/29/1998,CORRECT,Kfar Darom,,AREA,
21,Second Jerusalem Mahane Yehuda Market Suicide Bombing,11/6/1998,"Mahne Yehuda Market, Jerusalem",Jerusalem,YES,YES,Yes,YES,1214330541,YES,,11/6/1998,CORRECT,Jerusalem (West),CORRECT,YES,199811060002,http://www.start.umd.edu/gtd/search/IncidentSummary.aspx?gtdid=199811060002,1998-11-06.pdf (https://dl.airtable.com/XpvQIepvTLOym6IE0N40_1998-11-06.pdf),YES,,6/11/1998,CORRECT,Jerusalem,,CORRECT,
23,Haifa Central Bus Station Bombing,9/5/1999,"Jaffa St., Haifa",Haifa,YES,YES,Yes,NO,,,,,,,,YES,199909050003,http://www.start.umd.edu/gtd/search/IncidentSummary.aspx?gtdid=199909050003,1999-09-05.pdf (https://dl.airtable.com/RFpdfYwBRqfB8QZvoIoG_1999-09-05.pdf),YES,,9/5/1999,CORRECT,Haifa,,CORRECT,
22,Tiberias Egged Bus 960 Bombing,9/5/1999,"Al Hadif St., Tiberias",Tiberias,YES,YES,Yes,NO,,,,,,,,YES,199909150003,http://www.start.umd.edu/gtd/search/IncidentSummary.aspx?gtdid=199909150003,1999-09-15.pdf (https://dl.airtable.com/CSYGfXgJRzaAum00ISrD_1999-09-15.pdf),YES,,9/5/1999,CORRECT,Tiberias,,CORRECT,In GTD: date coded 15 September
24,IDF Gush Katif Checkpoint Bombing,10/26/2000,"IDF Checkpoint, between Kfar Darom and Gush Katif, Gaza Strip",Gush Katif,YES,YES,Yes,YES,-116555980,YES,,10/26/2000,CORRECT,Gush Katif (S),AREA,YES,200010260001,http://www.start.umd.edu/gtd/search/IncidentSummary.aspx?gtdid=200010260001,2000-10-26.pdf (https://dl.airtable.com/wK7bJvTZQIuxJCjzMx2P_2000-10-26.pdf),YES,,10/26/2000,CORRECT,Khan Yunis; This incident occurred between the Palestinian town of Khan Younis and the Jewish settlement of Kfar Darom,checked,AREA,
25,Jerusalem Mahane Yehuda Market Bombing (Not Suicide),11/2/2000,"Mahne Yehuda Market, Jerusalem",Jerusalem,YES,NO,NO,NO,,,,,,,,NOT SUICIDE,200011020006,http://www.start.umd.edu/gtd/search/IncidentSummary.aspx?gtdid=200011020006,2000-11-02.pdf (https://dl.airtable.com/9x3AAG9kRveTi3X4JeJT_2000-11-02.pdf),,,,,Jerusalem,,,
316,Failed Boat Attack off Gaza Coast,11/6/2000,"At Sea, Near Dugit, Gaza Strip",Dugit,YES,YES,Yes,NO,,,,,,,,YES,200011060002,http://www.start.umd.edu/gtd/search/IncidentSummary.aspx?gtdid=200011060002,2000-11-06.pdf (https://dl.airtable.com/bFlzY3RW693Ld1zPPKgg_2000-11-06.pdf),PROBABLY,,11/6/2000,CORRECT,Gaza; This incident occurred off the coast of Gaza.,checked,AREA,
26,Second Kfar Darom School Bus Bombing,11/20/2000,"School Bus, Near Kfar Darom, Gaza Strip",Kfar Darom,YES,NO,NO,NO,,,,,,,,NOT SUICIDE,200011200001,http://www.start.umd.edu/gtd/search/IncidentSummary.aspx?gtdid=200011200001,2000-11-20.pdf (https://dl.airtable.com/qohNJikGQmKdtEK2Cdkl_2000-11-20.pdf),,,,,Kfar Darom,,AREA,
27,Hadera Main Street Bomb,11/22/2000,Hadera,Hadera,YES,NO,NO,NO,,,,,,,,NOT SUICIDE,200011220001,http://www.start.umd.edu/gtd/search/IncidentSummary.aspx?gtdid=200011220001,2000-11-22.pdf (https://dl.airtable.com/oNWptqCrQLa3vyk0W3NJ_2000-11-22.pdf),,,,,"HaNassi St., Hadera",,,
367,"Erez Crossing Attack, Gaza Strip",12/15/2000,"Erez Crossing, Gaza Strip",Erez Checkpoint,YES,PROBABLY,Yes,NO,,,,,,,,NO,,,,,,,,,,,
28,Mehola Junction Bombing,12/22/2000,"Mehola Junction, West Bank",Mehola,YES,YES,Yes,YES,-247587657,YES,,12/22/2000,CORRECT,Mehola (S),CORRECT,YES,200012220003,http://www.start.umd.edu/gtd/search/IncidentSummary.aspx?gtdid=200012220003,2000-12-22.pdf (https://dl.airtable.com/NRqa5SEnTaZljJtUQZkZ_2000-12-22.pdf),YES,,12/22/2000,CORRECT,Mehola,,CORRECT,
29,Downtown Netanya Bombing,1/1/2001,"Corner of Herzl and Dizengoff streets, Netanya",Netanya,YES,UNCLEAR,NO,YES,975458768,UNCLEAR,It is unclear whether the attacker intended to die during the attack.,1/1/2001,CORRECT,Natanya,CORRECT,YES,200101080001,http://www.start.umd.edu/gtd/search/IncidentSummary.aspx?gtdid=200101080001,2001-01-08.pdf (https://dl.airtable.com/JzMOgoXBTp4uA1NSsArg_2001-01-08.pdf),UNCLEAR,It is unclear whether the attacker intended to be killed,1/8/2001,INCORRECT,Netanya,,CORRECT,We were unable to determine whether this was a suicide attack or whether the supposed attacker did not intend to kill himself.
31,"Beit Yisrael Neighborhood, Jerusalem Bombing",2/8/2001,Jerusalem,Jerusalem,YES,NO,NO,NO,,,,,,,,NOT SUICIDE,200102080001,http://www.start.umd.edu/gtd/search/IncidentSummary.aspx?gtdid=200102080001,2001-02-08.pdf (https://dl.airtable.com/PH3whDgqTPLer2n8pWyk_2001-02-08.pdf),,,,,Jerusalem,,,
32,Mei Ami Junction Bombing,3/1/2001,Mei Ami Junction,Mei Ami Junction,YES,PROBABLY,Yes,NO,,,,,,,,YES,200103020004,http://www.start.umd.edu/gtd/search/IncidentSummary.aspx?gtdid=200103020004,2001-03-02.pdf (https://dl.airtable.com/NubHleFBT8SGqlEYKAoP_2001-03-02.pdf),YES,,3/2/2001,INCORRECT,Umm al-Fahm,checked,AREA,In GTD: event coded 2 March
33,Downtown Netanya Bombing,3/4/2001,"Corner of Herzl and Shoham streets, Netanya",Netanya,YES,YES,Yes,YES,485876100,YES,,3/4/2001,CORRECT,Natanya,CORRECT,YES,200103040003,http://www.start.umd.edu/gtd/search/IncidentSummary.aspx?gtdid=200103040003,2001-03-04.pdf (https://dl.airtable.com/HGaMw7eyQPaV1ZxdwY8i_2001-03-04.pdf),YES,,3/4/2001,CORRECT,Netanya,,CORRECT,
35,"Egged Bus 6 Bombing, French Hill, Jerusalem",3/27/2001,"Bus 6, French Hill, Jerusalem",Jerusalem,YES,YES,Yes,YES,-270081544,YES,,3/27/2001,CORRECT,Jerusalem (West),JERUSALEM INCORRECT,YES,200103270009,http://www.start.umd.edu/gtd/search/IncidentSummary.aspx?gtdid=200103270009,2001-03-27.pdf (https://dl.airtable.com/33rMk2wTYqfuDcUmOBiQ_2001-03-27.pdf),YES,,3/27/2001,CORRECT,Jerusalem,,CORRECT,
36,"Mifgash Shalom Gas Station, Neve Yamin Bombing",3/28/2001,"Mifgash Shalom gas station, Neve Yamin",Neve Yamin,YES,YES,Yes,YES,1106085676,YES,,3/28/2001,CORRECT,Kefar Saba,AREA,YES,200103280006,http://www.start.umd.edu/gtd/search/IncidentSummary.aspx?gtdid=200103280006,2001-03-28.pdf (https://dl.airtable.com/PllQ1e15T2pJq4xEJC3g_2001-03-28.pdf),YES,,3/28/2001,CORRECT,"Qalqilya; The Mifgash Hashalom (Peace Meeting) gas station, outside of Qalqilya, a city under Palestinian control and in the southern area of West Bank, near Kfar Sava, an city under Israeli control, and northwest of Jerusalem, Sharon district",checked,INCORRECT,"In GTD, location coded as ""Near Qalqilya"""
37,Kfar Saba Bombing,4/22/2001,"Corner of Weizman and Tchernichovsky streets, Kfar Sava",Kfar Sava,YES,YES,Yes,YES,143181088,YES,,4/22/2001,CORRECT,Kefar Saba,CORRECT,YES,200104220003,http://www.start.umd.edu/gtd/search/IncidentSummary.aspx?gtdid=200104220003,2001-04-22.pdf (https://dl.airtable.com/wOkFHTm6SXSuXyCD25wY_2001-04-22.pdf),YES,,4/22/2001,CORRECT,Kefar Sava,,CORRECT,
38,Or Yehuda Bomb (Not Suicide),4/23/2001,Or Yehuda,Or Yehuda,YES,NO,NO,NO,,,,,,,,NOT SUICIDE,200104230004,http://www.start.umd.edu/gtd/search/IncidentSummary.aspx?gtdid=200104230004,2001-04-23.pdf (https://dl.airtable.com/KDHdNeU7Td2v7XErXpr7_2001-04-23.pdf),,,,,Or Yehuda,,,
39,School Bus Bombing Near Nablus,4/29/2001,"Dayr Sharaf Junction, Near Nablus, West Bank",Dayr Sharaf,YES,YES,Yes,YES,1501618655,YES,,4/29/2001,CORRECT,Homesh (S),AREA,NOT SUICIDE,200104290002,http://www.start.umd.edu/gtd/search/IncidentSummary.aspx?gtdid=200104290002,2001-04-29.pdf (https://dl.airtable.com/3zVVvrOWTTmWzRscshyd_2001-04-29.pdf),,,,,"Unknown, West Bank",,,GTD possibly refers to this incident in the attached entry
40,HaSharon Mall Netanya Suicide Bombing,5/18/2001,"HaSharon shopping mall, Netanya",Netanya,YES,YES,Yes,YES,1998363464,YES,,5/18/2001,CORRECT,Natanya,CORRECT,YES,200105180001,http://www.start.umd.edu/gtd/search/IncidentSummary.aspx?gtdid=200105180001,2001-05-18.pdf (https://dl.airtable.com/oju18kI6Sjad1HB63o95_2001-05-18.pdf),YES,,5/18/2001,CORRECT,Netanya,,CORRECT,
42,Hadera Central Bus Station Suicide Bombing,5/25/2001,"Central bus station, Hadera",Hadera,YES,YES,Yes,YES,-1723137641,UNCLEAR,It is possible that the terrorists intended to get off the car and detonate themselves there. The vehicle's explosion may have been an accident.,5/25/2001,CORRECT,Hadera,CORRECT,YES,200105250001,http://www.start.umd.edu/gtd/search/IncidentSummary.aspx?gtdid=200105250001,2001-05-25.pdf (https://dl.airtable.com/NNNvvbowSNaQMzgNeU49_2001-05-25.pdf),YES,,5/25/2001,CORRECT,Hadera,,CORRECT,
222,"Failed Attack on IDF Post, Netzarim, Gaza Strip",5/25/2001,"IDF Outpost, Near Netzarim, Gaza Strip",Netzarim,YES,YES,Yes,YES,-125593055,NO,Vehicle blew up after the targeted soldiers shot at it.,5/25/2001,CORRECT,Netzarim (S),AREA,NO,,,,,,,,,,,
44,Jerusalem Jaffa Road bombing,5/27/2001,"Corner of Jaffa Road and Heshin St., Downton, Jerusalem",Jerusalem,YES,NO,NO,NO,,,,,,,,NOT SUICIDE,200105270001,http://www.start.umd.edu/gtd/search/IncidentSummary.aspx?gtdid=200105270001,2001-05-27 (b).pdf (https://dl.airtable.com/mcvc3MbRIu5AndXy5aBw_2001-05-27%20(b).pdf),,,,,Jerusalem,,,
43,Jerusalem Russian Compound Car Bomb,5/27/2001,"Russian Compound, Downtown, Jerusalem",Jerusalem,YES,NO,NO,NO,,,,,,,,NOT SUICIDE,200105270002,http://www.start.umd.edu/gtd/search/IncidentSummary.aspx?gtdid=200105270002,2001-05-27 (a).pdf (https://dl.airtable.com/jd5U2rBJQcGw7ypdiIyA_2001-05-27%20(a).pdf),,,,,Jerusalem,,,
223,"Attempted Attack Against IDF Outpost, Neve Dekalim, Gaza Strip",5/29/2001,"IDF Outpost, Near Neve Deqalim, Gaza Strip",Neve Dekalim,YES,YES,Yes,YES,856994392,YES,,5/29/2001,CORRECT,Gaza City,INCORRECT,YES,200105290008,http://www.start.umd.edu/gtd/search/IncidentSummary.aspx?gtdid=200105290008,2001-05-29.pdf (https://dl.airtable.com/QtTV3tkJTAuvuTxkxArp_2001-05-29.pdf),YES,,5/29/2001,CORRECT,Gaza; This incident took place at an Israeli Military checkpoint in the Gaza Strip,checked,AREA,
45,Netanya School Bombing,5/30/2001,Netanya,Netanya,YES,NO,NO,NO,,,,,,,,NOT SUICIDE,200105300002,http://www.start.umd.edu/gtd/search/IncidentSummary.aspx?gtdid=200105300002,2001-05-30.pdf (https://dl.airtable.com/SjGSAad7T0Wa1EP2HzuD_2001-05-30.pdf),,,,,Netanya,,,
46,Tel Aviv Dolphinarium Nightclub Suicide Bombing,6/1/2001,"Dolphinarium Nightclub, Tel Aviv",Tel Aviv,YES,YES,Yes,YES,-946572661,YES,,6/1/2001,CORRECT,Tel Aviv,CORRECT,YES,200106010001,http://www.start.umd.edu/gtd/search/IncidentSummary.aspx?gtdid=200106010001,2001-06-01.pdf (https://dl.airtable.com/YYEgV5nQQqWC9ghDNKcH_2001-06-01.pdf),YES,,6/1/2001,CORRECT,Tel Aviv,,CORRECT,
362,"Partial Blast Near Dahaniya/Rafah Checkpoint, Gaza Strip",6/17/2001,"Dahaniya/Rafah Checkpoint, Gaza Strip",Dahaniya,YES,YES,Yes,NO,,,,,,,,NO,,,,,,,,,,,
47,"Dugit Bombing, Gaza Strip",6/22/2001,"Near Dugit, Gaza Strip",Dugit,YES,YES,Yes,YES,-463111349,YES,,6/22/2001,CORRECT,Gaza City,INCORRECT,YES,200106220001,http://www.start.umd.edu/gtd/search/IncidentSummary.aspx?gtdid=200106220001,2001-06-22.pdf (https://dl.airtable.com/zdmsWV59SBCkR2uEgkhj_2001-06-22.pdf),YES,,6/22/2001,CORRECT,Dugit,checked,CORRECT,
48,Yehud Bombing,7/2/2001,"Sprinzak and Weizmann Streets, Yehud",Yehud,YES,NO,NO,NO,,,,,,,,NOT SUICIDE,200107020001,http://www.start.umd.edu/gtd/search/IncidentSummary.aspx?gtdid=200107020001,2001-07-02.pdf (https://dl.airtable.com/SgVtPVTQUSgDMaUuQ4ew_2001-07-02.pdf),,,,,Near Tel Aviv ;The incident occurred in the Yehud neighborhood of the city,,,"In GTD, location coded as ""Tel Aviv"""
49,"Kissufim Crossing Bombing, Gaza Strip",7/9/2001,"Near Kissufim Crossing, Gaza Strip",Kissufim,YES,YES,Yes,YES,725110279,UNCLEAR,"Event may have been a working accident, in which the bomb detonated prematurely.",7/9/2001,CORRECT,Gaza City,INCORRECT,YES,200107090001,http://www.start.umd.edu/gtd/search/IncidentSummary.aspx?gtdid=200107090001,2001-07-09.pdf (https://dl.airtable.com/gzITXSByg7EPhP3sXRQX_2001-07-09.pdf),YES,,7/9/2001,CORRECT,Kissufim,checked,CORRECT,
351,Afula Thwarted Attack,7/11/2001,Afula,Afula,YES,ATTACK AVERTED,Yes,NO,,,,,,,,NO,,,,,,,,,,,
50,Binyamina Train Station Suicide Bombing,7/16/2001,"Train Station, Binyamina",Binyamina,YES,YES,Yes,YES,1148691587,YES,,7/16/2001,CORRECT,Tel Aviv,INCORRECT,YES,200107160001,http://www.start.umd.edu/gtd/search/IncidentSummary.aspx?gtdid=200107160001,2001-07-16.pdf (https://dl.airtable.com/0QNd9fROSNm62wpV8yGZ_2001-07-16.pdf),YES,,7/16/2001,CORRECT,Binyamina,,CORRECT,
359,Haifa Flea Market Thwarted Attack,7/22/2001,"Flea Market, Haifa",Haifa,YES,ATTACK AVERTED,Yes,NO,,,,,,,,NO,,,,,,,,,,,
317,Tel Teomim Bus 963 Failed Attack,8/2/2001,"Bus 963, Near Tel Teomim",Tel Teomim,YES,ATTACK AVERTED,Yes,NO,,,,,,,,YES,200108020011,http://www.start.umd.edu/gtd/search/IncidentSummary.aspx?gtdid=200108020011,2001-08-02.pdf (https://dl.airtable.com/mzZl89XQRdKWMfB1R9LA_2001-08-02.pdf),YES,,8/2/2001,CORRECT,Tel Teomim,,CORRECT,Correct date is 2 August
51,Moshav Beka'ot IDF Outpost Bombing,8/8/2001,"IDF Outpost, Near Moshav Beka'ot, West Bank",Beka'ot,YES,YES,Yes,YES,1233095963,YES,,8/8/2001,CORRECT,Beka'ot (S),AREA,NO,,,,,,,,,,,
52,Jerusalem Sbarro Restaurant Massacre,8/9/2001,"Sbarro Restaurant, Downtown, Jerusalem",Jerusalem,YES,YES,Yes,YES,-999257823,YES,,8/9/2001,CORRECT,Jerusalem (West),CORRECT,YES,200108090014,http://www.start.umd.edu/gtd/search/IncidentSummary.aspx?gtdid=200108090014,2001-08-09.pdf (https://dl.airtable.com/ToLtQl5qSX2FoshlrvcZ_2001-08-09.pdf),YES,,8/9/2001,CORRECT,Jerusalem,,CORRECT,
53,Kiryat Motzkin Wall-Street Restaurant Bombing,8/12/2001,"Wall Street Restaurant, Kiryat Motzkin",Kiryat Motzkin,YES,YES,Yes,YES,-282686277,YES,,8/12/2001,CORRECT,Kiryat Motzkin,CORRECT,YES,200108120015,http://www.start.umd.edu/gtd/search/IncidentSummary.aspx?gtdid=200108120015,2001-08-12.pdf (https://dl.airtable.com/x8kVFsb7QL2WNbWXf2zg_2001-08-12.pdf),YES,,8/12/2001,CORRECT,Kiryat Motzkin,,CORRECT,
318,Thwarted Haifa Planned Attack,8/17/2001,Baka el-Gharbyeh,Baka el-Gharbyeh,YES,ATTACK AVERTED,NO,NO,,,,,,,,YES,200108170012,http://www.start.umd.edu/gtd/search/IncidentSummary.aspx?gtdid=200108170012,2001-08-17.pdf (https://dl.airtable.com/FFob1WVrRJidRjIU6fOl_2001-08-17.pdf),UNCLEAR,Bomb was found and terrorists arrested. It is unknown whether they intended to use the device in a suicide mission.,8/17/2001,CORRECT,Haifa,,INCORRECT,
54,Jerusalem Russian Compound Bombing,8/21/2001,"Corner of Horkanus and Heleni HaMalka Streets, Downtown, Jerusalem",Jerusalem,YES,NO,NO,NO,,,,,,,,NOT SUICIDE,200108210005,http://www.start.umd.edu/gtd/search/IncidentSummary.aspx?gtdid=200108210005,2001-08-21.pdf (https://dl.airtable.com/zH4gdzdQjGWbIw4NHZ0c_2001-08-21.pdf),,,,,Jerusalem,,,
55,Jerusalem Car Bombs,9/3/2001,Jerusalem,Jerusalem,YES,NO,NO,NO,,,,,,,,NOT SUICIDE,"200109030005, 200109030007, 200109030008, 200109030009",,,,,,,,,,In GTD: 4 different cases
56,JErusalem Hanevi'im Street Bombing,9/4/2001,"Near Bikur Holim Hospital, Hanevi'im Street, Jerusalem",Jerusalem,YES,YES,Yes,YES,-1637462487,YES,,9/4/2001,CORRECT,Jerusalem (West),CORRECT,YES,200109040001,http://www.start.umd.edu/gtd/search/IncidentSummary.aspx?gtdid=200109040001,2001-09-04.pdf (https://dl.airtable.com/Z0qed6QH2tmlrvkUAP2A_2001-09-04.pdf),YES,,9/4/2001,CORRECT,Jerusalem,,CORRECT,
173,GTD Dual Coding - Netanya/Nahariya Bombing,9/9/2001,Nahariya,Nahariya,YES,DUPLICATE,NO,NO,,,,,,,,DUPLICATE,200109090007,http://www.start.umd.edu/gtd/search/IncidentSummary.aspx?gtdid=200109090007,2001-09-09 (b).pdf (https://dl.airtable.com/xLUdPVyzTaWCrS54FHaZ_2001-09-09%20(b).pdf),DUPLICATE,,9/9/2001,DUPLICATE,Nahariyya,,CORRECT+DUPLICATE,Is it possible that GTD conflated Nahariya with Netanya?
57,Nahariya Train Station Suicide Bombing,9/9/2001,"Train Station, Nahariya",Nahariya,YES,YES,Yes,YES,1198171981,YES,,9/9/2001,CORRECT,Nahariyya,CORRECT,YES,200109090001,http://www.start.umd.edu/gtd/search/IncidentSummary.aspx?gtdid=200109090001,2001-09-09 (a).pdf (https://dl.airtable.com/cHqfZQyRzOBzix18x3LW_2001-09-09%20(a).pdf),YES,,,CORRECT,Nahariyya,,CORRECT,In GTD: coded TWICE!
58,Beit Lid Junction Bombing,9/9/2001,"Beit Lid Junction, Near Netanya",Netanya,YES,YES,Yes,YES,544543731,YES,,9/9/2001,CORRECT,Natanya,AREA,NO,,,,,,9/9/2001,,,,,
59,Jerusalem Talpiot Neighborhood Bombing,10/1/2001,"Talpiot Neighborhood, Jerusalem",Jerusalem,YES,NO,NO,NO,,,,,,,,NOT SUICIDE,200110010002,http://www.start.umd.edu/gtd/search/IncidentSummary.aspx?gtdid=200110010002,2001-10-01.pdf (https://dl.airtable.com/AXfnPVTRMCRgMCVbXtqg_2001-10-01.pdf),,,,,Jerusalem,,,
61,Kibbutz Shluhot Bombing,10/7/2001,Kibbutz Shluhot,Shluhot,YES,YES,Yes,YES,-1777336017,YES,,10/7/2001,CORRECT,Beit Shean,INCORRECT,YES,200110070001,http://www.start.umd.edu/gtd/search/IncidentSummary.aspx?gtdid=200110070001,2001-10-07.pdf (https://dl.airtable.com/346gO9NAQYuhOK6LZyRQ_2001-10-07.pdf),YES,,10/7/2001,CORRECT,"Beit Shean; This attack occurred close to the Shluhot kibbutz, near Beit Shean in North District, Israel",checked,AREA,
319,Bombing Near Kibbutz Be'eri,10/17/2001,Near Kibbutz Nahal Oz and Kibbutz Be'eri,Be'eri,YES,YES,Yes,NO,,,,,,,,YES,200110170001,http://www.start.umd.edu/gtd/search/IncidentSummary.aspx?gtdid=200110170001,2001-10-17.pdf (https://dl.airtable.com/1vonPqeTde9BjSVwwOGw_2001-10-17.pdf),YES,,10/17/2001,CORRECT,Be'eri,,AREA,
364,Baka al-Sharkiyeh Hunt,11/8/2001,"Baka al-Sharkiyeh, West Bank",Baka al-Sharkiyeh,YES,YES,Yes,NO,,,,,,,,NO,,,,,,,,,,,
62,"Erez Crossing attack, Gaza Strip",11/26/2001,"Erez Crossing, Gaza Strip",Erez Checkpoint,YES,YES,Yes,YES,1225219524,YES,,11/26/2001,CORRECT,Bayt Hanun,INCORRECT,YES,200111260001,http://www.start.umd.edu/gtd/search/IncidentSummary.aspx?gtdid=200111260001,2001-11-26.pdf (https://dl.airtable.com/qri0Di06QyuOxqDh5aWJ_2001-11-26.pdf),YES,,,CORRECT,Erez,,CORRECT,
174,"First Egged Bus 823 Bombing, Camp 80 Junction",11/29/2001,"Bus 823, Camp 80 Junction",Pardes Hana,YES,YES,Yes,YES,501748240,YES,,11/29/2001,CORRECT,Hadera,INCORRECT,YES,200111290001,http://www.start.umd.edu/gtd/search/IncidentSummary.aspx?gtdid=200111290001,2001-11-29 (2).pdf (https://dl.airtable.com/YKeYvoTQZS1zvkvYaRnL_2001-11-29%20(2).pdf),YES,,11/29/2001,CORRECT,Pardes Hanna; This incident occurred at an army base outside the town,checked,CORRECT,
63,"GTD Dual Coding - First Egged Bus 823 Bombing, Camp 80 Junction",11/29/2001,"Bus 823, Camp 80 Junction",Pardes Hana,YES,DUPLICATE,NO,NO,,,,,,,,DUPLICATE,200111290009,http://www.start.umd.edu/gtd/search/IncidentSummary.aspx?gtdid=200111290009,2001-11-29.pdf (https://dl.airtable.com/PLEtA5AKRWSeWqm4vPqY_2001-11-29.pdf),DUPLICATE,,11/29/2001,DUPLICATE,"Hadera; This incident took place near an Israeli military base at the Bardis Hanna intersection outside Hadera in Haifa District, Israel.",checked,INCORRECT+DUPLICATE,In GTD: coded TWICE!
64,Jerusalem Ben Yehuda Pedestrian Mall Bombing,12/1/2001,"Ben Yehuda Pedestrian Mall, Downtown, Jerusalem",Jerusalem,YES,YES,Yes,YES,676528924,YES,,12/1/2001,CORRECT,Jerusalem (West),CORRECT,YES,200112010004,http://www.start.umd.edu/gtd/search/IncidentSummary.aspx?gtdid=200112010004,2001-12-01.pdf (https://dl.airtable.com/Z7zHj9m3QbGMwXu0kiCK_2001-12-01.pdf),YES,,12/1/2001,CORRECT,Jerusalem,,CORRECT,"CPOST: location described ""Yehuba Pedestrian Mall"""
65,Haifa Bus 16 Suicide Bombing,12/2/2001,"Bus 16, Yad LaBanim St., Hagvura Junction, Downtown, Haifa",Haifa,YES,YES,Yes,YES,448619721,YES,,12/2/2001,CORRECT,Haifa,CORRECT,YES,200112020003,http://www.start.umd.edu/gtd/search/IncidentSummary.aspx?gtdid=200112020003,2001-12-02.pdf (https://dl.airtable.com/Qz0gNztQqiR3TCbm2Zsz_2001-12-02.pdf),YES,,12/2/2001,CORRECT,Haifa,,CORRECT,
66,Jerusalem King David Street Bombing,12/5/2001,"King David St., Jerusalem",Jerusalem,YES,YES,Yes,YES,-862995611,UNCLEAR,Detonation may have been caused by a technical failure.,12/5/2001,CORRECT,Jerusalem (West),CORRECT,NO,,,,YES,,,,,,,In MALAM: date coded 4 December.
67,Haifa Checkpost Junction Bombing,12/9/2001,"Checkpost Junction, Haifa",Haifa,YES,YES,Yes,YES,906859457,NO,Attacker detonated the bomb but was not killed by it. Israeli soldiers shot him to death.,12/9/2001,CORRECT,Haifa,CORRECT,YES,200109120003,http://www.start.umd.edu/gtd/search/IncidentSummary.aspx?gtdid=200109120003,2001-12-09.pdf (https://dl.airtable.com/q95jam8vQd6i1oC4tiMG_2001-12-09.pdf),YES,,12/9/2001,CORRECT,Near Haifa; At Checkpoint Junction in Haifa's northern area,checked,AREA,"In CPOST: target coded as IDF checkpoint, proibably confusion with the Checkpost Junction. In GTD: date is correct but event listed among the September entries. Location coded ""Checkpoint Junction"""
68,"Neve Dekalim Bombing, Gaza Strip",12/12/2001,"Near Neve Dekalim, Gaza Strip",Neve Dekalim,YES,YES,Yes,YES,524323293,YES,,12/12/2001,CORRECT,Gush Katif (S),AREA,YES,200112120002,http://www.start.umd.edu/gtd/search/IncidentSummary.aspx?gtdid=200112120002,2001-12-12.pdf (https://dl.airtable.com/Vs2SGDVOQi6u9JYNv2iu_2001-12-12.pdf),YES,,12/12/2001,CORRECT,Gush Qatif,,AREA,
224,Roadblock Near Tulkarem Bombing,12/15/2001,"IDF Checkpoint, South of Tulkarem, West Bank",Tulkarem,YES,YES,Yes,YES,-933892263,YES,,12/15/2001,CORRECT,Tulkarm,AREA,NO,,,,,,,,,,,
69,Tel Aviv Old Central Bus Station Bombing,1/25/2002,"Near Old Central Bus Station, Corner of Bnei Brak and Neve Sha'anan streets, Tel Aviv",Tel Aviv,YES,YES,Yes,YES,1336875910,YES,,1/25/2002,CORRECT,Tel Aviv,CORRECT,YES,200201250001,http://www.start.umd.edu/gtd/search/IncidentSummary.aspx?gtdid=200201250001,2002-01-25.pdf (https://dl.airtable.com/VdpZ1DnpQgSqNdYFLXQY_2002-01-25.pdf),YES,,1/25/2002,CORRECT,Tel Aviv,,CORRECT,
70,Jerusalem Jaffa Street Bombing,1/27/2002,"Jaffa Road, Downtown, Jerusalem",Jerusalem,YES,YES,Yes,YES,1389576178,YES,,1/27/2002,CORRECT,Jerusalem (West),CORRECT,YES,200201270002,http://www.start.umd.edu/gtd/search/IncidentSummary.aspx?gtdid=200201270002,2002-01-27.pdf (https://dl.airtable.com/4S2VBGgRVmbU9DwnXHYC_2002-01-27.pdf),YES,,1/27/2002,CORRECT,Near Jerusalem,checked,AREA,
71,Tayibe IDF Checkpoint Bombing,1/30/2002,"IDF Checkpoint, Outside Tayibe",Tayibe,YES,YES,Yes,YES,419996421,YES,,1/30/2002,CORRECT,Taybeh,AREA,YES,200201300005,http://www.start.umd.edu/gtd/search/IncidentSummary.aspx?gtdid=200201300005,2002-01-30.pdf (https://dl.airtable.com/vzPJEQdSA6DBGFpQj2PG_2002-01-30.pdf),YES,,1/30/2002,CORRECT,Tayibe,checked,CORRECT,CPOST+GTD+MALAM: date coded 30 January. Correct date is 01/30/2002
356,"Averted Attack, Bus 176 Near Maale Adumim",2/6/2002,"Near Maale Adumim, West Bank",Maale Adumim,YES,ATTACK AVERTED,Yes,NO,,,,,,,,NO,,,,,,,,,,,
72,Karnei Shomron Mall Suicide Bombing,2/16/2002,"Shopping Mall, Karnei Shomron, West Bank",Karnei Shomron,YES,YES,Yes,YES,-946785687,YES,,2/16/2002,CORRECT,Karnei Shomron (S),CORRECT,YES,200202160001,http://www.start.umd.edu/gtd/search/IncidentSummary.aspx?gtdid=200202160001,2002-02-16.pdf (https://dl.airtable.com/WTgiwVbhTB6ttxhFMjQE_2002-02-16.pdf),YES,,2/16/2002,CORRECT,Karnei Shomron,,CORRECT,
320,Thwarted Hadera Bombing,2/17/2002,Camp 80,Pardes Hana,YES,PROBABLY,Yes,NO,,,,,,,,YES,200202170001,http://www.start.umd.edu/gtd/search/IncidentSummary.aspx?gtdid=200202170001,2002-02-17.pdf (https://dl.airtable.com/0RJVyhq2RvW8KuyAfcvr_2002-02-17.pdf),PROBABLY,"Apparently, at least one of the attackers was supposed to blow himself",2/17/2002,CORRECT,Hadera,,INCORRECT,
73,Maale Adumim - Jerusalem Road Bombing,2/18/2002,"Near az-Za'ayyem Checkpoint, Ma’ale Adumim-Jerusalem Road",Maale Adumim,YES,YES,Yes,YES,-468429569,YES,,2/18/2002,CORRECT,Jerusalem (West),INCORRECT,YES,200202180001,http://www.start.umd.edu/gtd/search/IncidentSummary.aspx?gtdid=200202180001,2002-02-18.pdf (https://dl.airtable.com/lXvYM1xSpqyuYUrmJtjF_2002-02-18.pdf),YES,,2/18/2002,CORRECT,Jerusalem district ;The incident occurred on the road between Jerusalem and the settlement of Ma’aleh Adumim,checked,CORRECT,
225,Gush Katif Road Bombing,2/18/2002,"Kissufim-Gush Katif Road, Gaza Strip",Gush Katif,YES,UNCLEAR,NO,YES,1248796279,UNCLEAR,We were unable to establish whether the attacker was killed by the soldiers or died as a result of the detonation of the bomb he had carried,2/18/2002,CORRECT,Gush Katif (S),AREA,YES,200202180002,http://www.start.umd.edu/gtd/search/IncidentSummary.aspx?gtdid=200202180002,2002-02-18 (2).pdf (https://dl.airtable.com/SZUctCCpSheptO7IslGa_2002-02-18%20(2).pdf),PROBABLY,,2/18/2002,CORRECT,Gush Qatif,checked,CORRECT,
226,Mehola Bus Stop Failed Attack,2/19/2002,"Mehola, West Bank",Mehola,YES,YES,Yes,YES,363865568,YES,,2/19/2002,CORRECT,Mehola (S),CORRECT,YES,200202190002,http://www.start.umd.edu/gtd/search/IncidentSummary.aspx?gtdid=200202190002,2002-02-19.pdf (https://dl.airtable.com/xTyqM4WQrqlmwvtifJsc_2002-02-19.pdf),YES,,2/19/2002,CORRECT,Mehola,checked,AREA,
74,Efrat Supermarket Bombing,2/22/2002,"Efrat, West Bank",Efrat,YES,YES,Yes,NO,,,,,,,,YES,200202220001,http://www.start.umd.edu/gtd/search/IncidentSummary.aspx?gtdid=200202220001,2002-02-22.pdf (https://dl.airtable.com/6YJoqBRxTvTucLf9sVr1_2002-02-22.pdf),YES,,2/22/2002,CORRECT,Efrat,,CORRECT,In GTD: coded TWICE! On two consecutive dates. Not suicide attack according to CPOST definition
179,GTD Dual Coding - Efrat Supermarket Bombing,2/22/2002,"Efrat, West Bank",Efrat,YES,DUPLICATE,NO,NO,,,,,,,,DUPLICATE,200202230001,http://www.start.umd.edu/gtd/search/IncidentSummary.aspx?gtdid=200202230001,2002-02-23.pdf (https://dl.airtable.com/QuSauXmZSlqqD9PuXiAP_2002-02-23.pdf),DUPLICATE,,2/23/2002,INCORRECT+DUPLICATE,Efrat,,CORRECT+DUPLICATE,
75,Maccabim Checkpoint Bombing,2/27/2002,"Maccabim Checkpoint, Road 443, Near Maccabim",Maccabim,YES,YES,Yes,YES,736217851,PROBABLY,Detonation could have been caused by a technical failure but most sources maintain that the attacker blew herself intentionally,2/19/2002,CORRECT,Modi'in-Maccabim-Re'ut,AREA,YES,200202280001,http://www.start.umd.edu/gtd/search/IncidentSummary.aspx?gtdid=200202280001,2002-02-28.pdf (https://dl.airtable.com/CXKq84WTbmOITZcLbsBw_2002-02-28.pdf),YES,,2/28/2002,INCORRECT,Maccabim,,AREA,In GTD: date coded 28 February
76,Beit Yisrael Yeshiva Massacre,3/2/2002,"Haim Ozer St., Beit Israel Neighborhood, Jerusalem",Jerusalem,YES,YES,Yes,YES,-1327073097,YES,,3/2/2002,CORRECT,Jerusalem (West),CORRECT,YES,200203020001,http://www.start.umd.edu/gtd/search/IncidentSummary.aspx?gtdid=200203020001,2002-03-02.pdf (https://dl.airtable.com/KeMNbhBoSbi5hESbCHin_2002-03-02.pdf),YES,,3/2/2002,CORRECT,Jerusalem,,CORRECT,
77,"Second Egged Bus 823 Bombing, Afula Central Bus Station",3/5/2002,"Bus 823, Central Bus Station, Afula",Afula,YES,YES,Yes,YES,-1291625933,YES,,3/5/2002,CORRECT,Afula,CORRECT,YES,200203050003,http://www.start.umd.edu/gtd/search/IncidentSummary.aspx?gtdid=200203050003,2002-03-05.pdf (https://dl.airtable.com/mDh9w9dSFNwxjkn7PK9g_2002-03-05.pdf),YES,,3/5/2002,CORRECT,Afula,,CORRECT,
78,"Eshel HaShomron Hotel, Ariel Bombing",3/7/2002,"Eshel HaShomron Hotel, Outskirts of Ariel, West Bank",Ariel,YES,YES,Yes,YES,-1191107171,YES,,3/7/2002,CORRECT,Ariel (S),CORRECT,YES,200203070001,http://www.start.umd.edu/gtd/search/IncidentSummary.aspx?gtdid=200203070001,2002-03-07.pdf (https://dl.airtable.com/Z5lcxoUQleVcPKkw2a4W_2002-03-07.pdf),YES,,3/7/2002,CORRECT,Ariel,,CORRECT,
350,Bomb in a Bird Cage in Karkur,3/7/2002,Karkur,Karkur,YES,PROBABLY,Yes,NO,,,,,,,,NO,,,,,,,,,,,
363,"Attempted Attack at Kafit Café, Jerusalem",3/7/2002,Jerusalem,Jerusalem,YES,ATTACK AVERTED,Yes,NO,,,,,,,,NO,,,,,,,,,,,
79,"Café Moment, Jerusalem Bombing",3/9/2002,"Café Moment, Rehavia Neighborhood, Jerusalem",Jerusalem,YES,YES,Yes,YES,-949328554,YES,,3/9/2002,CORRECT,Jerusalem (West),CORRECT,YES,200203090001,http://www.start.umd.edu/gtd/search/IncidentSummary.aspx?gtdid=200203090001,2002-03-09.pdf (https://dl.airtable.com/ToAoAAVmQtSQBn9VxBte_2002-03-09.pdf),YES,,3/9/2002,CORRECT,Jerusalem,,CORRECT,
80,"Egged Bus 22 Bombing, French Hill, Jerusalem",3/17/2002,"Near Bus 22, French Hill Junction, Jerusalem",Jerusalem,YES,YES,Yes,YES,1648697125,YES,,3/17/2002,CORRECT,Jerusalem (West),JERUSALEM INCORRECT,YES,200203170003,http://www.start.umd.edu/gtd/search/IncidentSummary.aspx?gtdid=200203170003,2002-03-17.pdf (https://dl.airtable.com/mao9GUpxS9AUYpiXwRDK_2002-03-17.pdf),YES,,3/17/2002,CORRECT,Jerusalem,,CORRECT,
81,"Third Egged Bus 823 Bombing, Near Umm Al-Fahm",3/20/2002,"Bus 823, Near Umm Al-Fahm, Wadi Ara",Umm al-Fahm,YES,YES,Yes,YES,-1995518839,YES,,3/20/2002,CORRECT,Umm Al-Fahm,AREA,YES,200203200002,http://www.start.umd.edu/gtd/search/IncidentSummary.aspx?gtdid=200203200002,2002-03-20.pdf (https://dl.airtable.com/vn1BuTMiQReZC8nsG9ls_2002-03-20.pdf),YES,,3/20/2002,CORRECT,Umm al-Fahm,checked,CORRECT,
82,Jerusalem King George Street Bombing,3/21/2002,"King George St., Downtown, Jerusalem",Jerusalem,YES,YES,Yes,YES,-1943281747,YES,,3/21/2002,CORRECT,Jerusalem (West),CORRECT,YES,200203210001,http://www.start.umd.edu/gtd/search/IncidentSummary.aspx?gtdid=200203210001,2002-03-21.pdf (https://dl.airtable.com/LFJoGB9qQNmgO0QYN8hW_2002-03-21.pdf),YES,,3/21/2002,CORRECT,Jerusalem,,CORRECT,
227,"Salem Checkpoint, Near Nablus Bombing",3/22/2002,"Salem Checkpoint, Near Jenin, West Bank",Jenin,YES,YES,Yes,YES,2124823697,YES,,3/22/2002,CORRECT,Nablus,INCORRECT,YES,200203220001,http://www.start.umd.edu/gtd/search/IncidentSummary.aspx?gtdid=200203220001,2002-03-22.pdf (https://dl.airtable.com/Xc7Brlm6SJmSPcjqRtnP_2002-03-22.pdf),YES,,3/22/2002,CORRECT,Jenin,,AREA,In GTD: location coded Jenin
354,"Failed Attack at Hairs Checkpoint, Near Qalqilya",3/26/2002,"Haris Checkpoint, West Bank",Qalqilya,YES,PROBABLY,Yes,NO,,,,,,,,NO,,,,,,,,,,,
321,"Failed Malha Shopping Mall, Jerusalem Car Bomb Attempt",3/26/2002,"Near Malha Shopping Mall, Malha Neighborhood, Jerusalem",Jerusalem,YES,PROBABLY,Yes,NO,,,,,,,,YES,200203260001,http://www.start.umd.edu/gtd/search/IncidentSummary.aspx?gtdid=200203260001,2002-03-26.pdf (https://dl.airtable.com/26820hrT6mfxZ7KGVz2I_2002-03-26.pdf),PROBABLY,,3/26/2002,CORRECT,Jerusalem,,CORRECT,
83,"Park Hotel Passover Massacre, Netanya",3/27/2002,"Park Hotel, David HaMelech St., Netanya",Netanya,YES,YES,Yes,YES,-928676043,YES,,3/27/2002,CORRECT,Natanya,CORRECT,YES,200203270001,http://www.start.umd.edu/gtd/search/IncidentSummary.aspx?gtdid=200203270001,2002-03-27.pdf (https://dl.airtable.com/owhecqcGRoy3FoZ4BL2R_2002-03-27.pdf),YES,,3/27/2002,CORRECT,Netanya,,CORRECT,
84,Jerusalem Kiryat HaYovel Supermarket Bombing,3/29/2002,"Supermarket, Kiryat Yovel Neighborhood, Jerusalem",Jerusalem,YES,YES,Yes,YES,500376473,YES,,3/29/2002,CORRECT,Jerusalem (West),CORRECT,YES,200203290001,http://www.start.umd.edu/gtd/search/IncidentSummary.aspx?gtdid=200203290001,2002-03-29.pdf (https://dl.airtable.com/PexqhqkcSFmzlBXrJ2yC_2002-03-29.pdf),YES,,3/29/2002,CORRECT,Jerusalem,,CORRECT,
86,Baqa al-Gharbiyah Bombing,3/30/2002,Near Baqa al-Gharbiyah,Baqa al-Gharbiyah,YES,PROBABLY,Yes,YES,1594458277,UNCLEAR,It is unclear whether the attacker detonated the bomb or whether it exploded as a result of police fire.,3/30/2002,CORRECT,Baqah al-Gharbiyyah,AREA,NO,,,,,,,,,,,Apparently event was not terrorism proper
85,Tel Aviv Allenby Street Café Bombing,3/30/2002,"My Coffee Shop Café, Corner of Allenby, Bialik, and Tcharnihovsky streets, Tel Aviv",Tel Aviv,YES,YES,Yes,YES,-1673390009,YES,,3/30/2002,CORRECT,Tel Aviv,CORRECT,YES,200203300002,http://www.start.umd.edu/gtd/search/IncidentSummary.aspx?gtdid=200203300002,2002-03-30.pdf (https://dl.airtable.com/M6C7hnsQ2Ga30tCuIuBn_2002-03-30.pdf),YES,,3/30/2002,CORRECT,Tel Aviv,,CORRECT,
88,Efrat Medical Center Bombing,3/31/2002,"Medical Center, Efrat, West Bank",Efrat,YES,YES,Yes,YES,-475360979,YES,,3/31/2002,CORRECT,Efrata (S),CORRECT,YES,200203310002,http://www.start.umd.edu/gtd/search/IncidentSummary.aspx?gtdid=200203310002,2002-03-31 (efrat).pdf (https://dl.airtable.com/N1WprOftRaCX2xBUlvYy_2002-03-31%20(efrat).pdf),YES,,3/31/2002,CORRECT,Efrat,,CORRECT,
87,Haifa Matza Restaurant Suicide Bombing,3/31/2002,"Matza Restaurant, Ruppin Road, Haifa",Haifa,YES,YES,Yes,YES,-1310222839,YES,,3/31/2002,CORRECT,Haifa,CORRECT,YES,200203310001,http://www.start.umd.edu/gtd/search/IncidentSummary.aspx?gtdid=200203310001,2002-03-31 (haifa).pdf (https://dl.airtable.com/tHLUUI91RX6ZlDyLwtRv_2002-03-31%20(haifa).pdf),YES,,3/31/2002,CORRECT,Haifa,,CORRECT,
89,Jerusalem Police Roadblock Bombing,4/1/2002,"Police Checkpoint, Hanevi'im St., Jerusalem",Jerusalem,YES,YES,Yes,YES,-2000398831,YES,,4/1/2002,CORRECT,Jerusalem (East),AREA,YES,200204010003,http://www.start.umd.edu/gtd/search/IncidentSummary.aspx?gtdid=200204010003,2002-04-01.pdf (https://dl.airtable.com/VuCoXFbT4qU91f5q062S_2002-04-01.pdf),YES,,4/1/2002,CORRECT,Jerusalem,,CORRECT,
229,Baka al-Sharkiyeh Checkpoint Bombing,4/2/2002,"IDF Checkpoint, Near Baka al-Sharkiyeh, West Bank",Baka al-Sharkiyeh,YES,YES,NO,YES,1249659584,YES,,4/2/2002,CORRECT,Baka al-Sharkiyeh,AREA,NO,,,,,,,,,,,
90,Yagur Junction Bus 960 Bombing,4/10/2002,"Bus 960, Near Yagur Junction",Yagur,YES,YES,Yes,YES,1279559861,YES,,4/10/2002,CORRECT,Haifa,INCORRECT,YES,200204110002,http://www.start.umd.edu/gtd/search/IncidentSummary.aspx?gtdid=200204110002,2002-04-11.pdf (https://dl.airtable.com/lYsWdEiS62y0MOJY4zH2_2002-04-11.pdf),YES,,4/11/2002,INCORRECT,Haifa,,INCORRECT,In GTD: date coded 11 April. In CPOST: date coded SECOND TIME on 1 April!
228,CPOST Dual Coding - Yagur Junction Bus 960 Bombing,4/10/2002,"Bus 960, Near Yagur Junction",Yagur,YES,DUPLICATE,NO,DUPLICATE,-2081651973,DUPLICATE,,4/1/2002,INCORRECT+DUPLICATE,Haifa,INCORRECT+DUPLICATE,NO,,,,,,,,,,,"Event also coded for 10 April, which is the correct date"
91,Jerusalem Mahane Yehuda Market Attack,4/12/2002,"Entrance to Mahne Yehuda Market, Jaffa Road, Jerusalem",Jerusalem,YES,YES,Yes,YES,1312591129,YES,,4/12/2002,CORRECT,Jerusalem (West),CORRECT,YES,200204120005,http://www.start.umd.edu/gtd/search/IncidentSummary.aspx?gtdid=200204120005,2002-04-12.pdf (https://dl.airtable.com/veqCbjCLRVGXOBfxWsTS_2002-04-12.pdf),YES,,4/12/2002,CORRECT,Jerusalem,,CORRECT,
230,"Checkpoint Near Kissufim, Gaza Strip Car Bomb",4/19/2002,"IDF Checkpoint, Near Kissufim, Gaza Strip",Kissufim,YES,YES,Yes,YES,-672954563,YES,,4/19/2002,CORRECT,Gush Katif (S),AREA,YES,200204190001,http://www.start.umd.edu/gtd/search/IncidentSummary.aspx?gtdid=200204190001,2002-04-19.pdf (https://dl.airtable.com/Ar7c8SCTbmuRSsNmF1iL_2002-04-19.pdf),YES,,4/19/2002,CORRECT,Qatif,checked,AREA,
231,IDF Roadblock Near Qalqilya Bombing,4/20/2002,"IDF Checkpoint, Near Qalqilya, West Bank",Qalqilya,YES,YES,Yes,YES,1232755489,YES,,4/20/2002,CORRECT,Qaqilyah,AREA,NO,,,,,,,,,,,
322,"Netzarim Failed Attack, Gaza Strip",4/22/2002,"Netzarim, Gaza Strip",Netzarim,YES,PROBABLY,NO,NO,,,,,,,,YES,200204220001,http://www.start.umd.edu/gtd/search/IncidentSummary.aspx?gtdid=200204220001,2002-04-22.pdf (https://dl.airtable.com/mYXuKlKSQ2L3oSThEdUD_2002-04-22.pdf),YES,,4/22/2002,CORRECT,Netzarim,,CORRECT,Correct date is 23 April
92,Rishon LeZion Sheffield Club Bombing,5/7/2002,"Sheffield Club, Rishon LeZion",Rishon LeZion,YES,YES,Yes,YES,-871205190,YES,,5/7/2002,CORRECT,Rishon Le Zion,CORRECT,YES,200205070008,http://www.start.umd.edu/gtd/search/IncidentSummary.aspx?gtdid=200205070008,2002-05-07.pdf (https://dl.airtable.com/sPFRFkFrRek1tfNOuKu5_2002-05-07.pdf),YES,,5/7/2002,CORRECT,Rishon le Zion,,CORRECT,
365,Megido Junction Bus Stop Failed Bombing,5/8/2002,"Bus Stop, Megido Junction",Megiddo,YES,YES,Yes,NO,,,,,,,,NO,,,,,,,,,,,
93,GTD Dual Coding - Netanya Market Bombing,5/19/2002,Netanya,Netanya,YES,DUPLICATE,NO,NO,,,,,,,,DUPLICATE,200205200004,http://www.start.umd.edu/gtd/search/IncidentSummary.aspx?gtdid=200205200004,2002-05-20 (true).pdf (https://dl.airtable.com/xb1hwF4pTWapxezebafn_2002-05-20%20(true).pdf),DUPLICATE,,5/20/2002,INCORRECT+DUPLICATE,Netanya,,CORRECT+DUPLICATE,"In GTD: another event, same date, coded as 20 fatalities (and date coded 20 May)"
175,Netanya Market Bombing,5/19/2002,"City Market, Netanya",Netanya,YES,YES,Yes,YES,-1487593365,YES,,5/19/2002,CORRECT,Natanya,CORRECT,YES,200205190005,http://www.start.umd.edu/gtd/search/IncidentSummary.aspx?gtdid=200205190005,2002-05-20 (false).pdf (https://dl.airtable.com/dWW0snXWSDuKZYR1kZ9m_2002-05-20%20(false).pdf),YES,,5/19/2002,CORRECT,Netanya,,CORRECT,
178,CPOST Dual Coding - Afula Bus Station Bombing,5/20/2002,"Bus Station, Road 675, Near Afula",Afula,YES,DUPLICATE,NO,DUPLICATE,1207820194,DUPLICATE,,5/20/2002,DUPLICATE,Afula,AREA+DUPLICATE,NO,,,,,,,,,,,
94,Afula Bus Station Bombing,5/20/2002,"Bus Station, Road 675, Near Afula",Afula,YES,YES,Yes,YES,-253414857,YES,,5/20/2002,CORRECT,Afula,AREA,YES,200205200005,http://www.start.umd.edu/gtd/search/IncidentSummary.aspx?gtdid=200205200005,2002-05-20 (Ti'anik).pdf (https://dl.airtable.com/70FbLXccSCqy6GdBKCa9_2002-05-20%20(Ti'anik).pdf),YES,,5/20/2002,CORRECT,Ti'anik,,INCORRECT,"In CPOST: coded TWICE. In GTD: location coded ""Ti'anik"""
95,Rishon LeZion Rothschild Street Bombing,5/22/2002,"Rothschild St., Rishon LeZion",Rishon LeZion,YES,YES,Yes,YES,-508325834,YES,,5/22/2002,CORRECT,Rishon Le Zion,CORRECT,YES,200205220001,http://www.start.umd.edu/gtd/search/IncidentSummary.aspx?gtdid=200205220001,2002-05-22.pdf (https://dl.airtable.com/xEvy1WL4QMKI7vRtwe2l_2002-05-22.pdf),YES,,5/22/2002,CORRECT,Rishon le Zion,,CORRECT,
96,Pi Glilot Failed Bombing,5/23/2002,North of Tel Aviv,Tel Aviv,YES,NO,NO,NO,,,,,,,,NOT SUICIDE,200205230001,http://www.start.umd.edu/gtd/search/IncidentSummary.aspx?gtdid=200205230001,2002-05-23.pdf (https://dl.airtable.com/PrPyFMMROay4H8FrADJQ_2002-05-23.pdf),,,,,Near Tel Aviv; The incident occurred in the Gelilot depot just north of the city,checked,,
97,Tel Aviv Studio 49 Disco Bombing,5/24/2002,Tel Aviv,Tel Aviv,YES,PROBABLY,Yes,NO,,,,,,,,YES,200205240001,http://www.start.umd.edu/gtd/search/IncidentSummary.aspx?gtdid=200205240001,2002-05-24.pdf (https://dl.airtable.com/GKFtvnb8RL6xt1HiL9qe_2002-05-24.pdf),YES,,5/24/2002,CORRECT,Tel Aviv,,CORRECT,
323,Arrest of Terrorist in Jenin,5/25/2002,"Jenin, West Bank",Jenin,YES,ATTACK AVERTED,NO,NO,,,,,,,,YES,200205250002,http://www.start.umd.edu/gtd/search/IncidentSummary.aspx?gtdid=200205250002,2002-05-25.pdf (https://dl.airtable.com/VhdMmO5Q0GCHtQL7UzPA_2002-05-25.pdf),YES,,5/25/2002,CORRECT,Near Jenin; The incident occurred on a road linking the towns of Jenin and Nablus,checked,CORRECT,
98,Petah Tikva Mall Bombing,5/27/2002,"HaMoshava Café, Gissin St., Petah Tikva",Petah Tikva,YES,YES,Yes,YES,774423434,YES,,5/27/2002,CORRECT,Peta Tikva,CORRECT,YES,200205270001,http://www.start.umd.edu/gtd/search/IncidentSummary.aspx?gtdid=200205270001,2002-05-27.pdf (https://dl.airtable.com/2jby7N5YRveH8LVOF4OB_2002-05-27.pdf),YES,,5/27/2002,CORRECT,Petah Tiqwa,,CORRECT,
99,Megiddo Junction Bus 830 Bombing,6/5/2002,"Bus 830, Megiddo Junction, Near Afula",Megiddo,YES,YES,Yes,YES,386960798,YES,,6/5/2002,CORRECT,Megiddo,AREA,YES,200206050002,http://www.start.umd.edu/gtd/search/IncidentSummary.aspx?gtdid=200206050002,2002-06-05.pdf (https://dl.airtable.com/ZMDFEceTzOjywzutY1CD_2002-06-05.pdf),YES,,6/5/2002,CORRECT,Megiddo,,AREA,
100,Herzliya Mifgash Jamil Shawarma Restaurant Bombing,6/11/2002,"Mifgash Jamil Restaurant, Sokolov St., Herzliya",Herzliya,YES,YES,Yes,YES,1628894604,YES,,6/11/2002,CORRECT,Herzliyya,CORRECT,YES,200206110001,http://www.start.umd.edu/gtd/search/IncidentSummary.aspx?gtdid=200206110001,2002-06-11.pdf (https://dl.airtable.com/yoEaj8cKTjKJGcZzixQj_2002-06-11.pdf),YES,,6/11/2002,CORRECT,Herzliya Pituah,,AREA,
232,"Failed Bombing Near West Bank Barrier, Zemer ",6/17/2002,Marja (Zemer),Zemer,YES,YES,Yes,YES,152462574,YES,,6/17/2002,CORRECT,Bat Hefer (S),INCORRECT,YES,200206170004,http://www.start.umd.edu/gtd/search/IncidentSummary.aspx?gtdid=200206170004,2002-06-17.pdf (https://dl.airtable.com/UNcdMcV7ShSWxt38EVUt_2002-06-17.pdf),YES,,6/17/2002,CORRECT,Ayash Salem,,INCORRECT,In GTD: location coded Ayash Salem
101,Jerusalem Bus 32A Patt Junction Bombing,6/18/2002,"Bus 32A, Dov Yosef St., Near Patt Junction, Jerusalem",Jerusalem,YES,YES,Yes,YES,-1751714216,YES,,6/18/2002,CORRECT,Jerusalem (West),CORRECT,YES,200206170001,http://www.start.umd.edu/gtd/search/IncidentSummary.aspx?gtdid=200206170001,2002-06-17.pdf (https://dl.airtable.com/o7M1uy84TYyxehfJq7vr_2002-06-17.pdf),YES,,6/17/2002,INCORRECT,Jerusalem,,CORRECT,In GTA: date coded 17 June
102,French Hill Junction Bus Stop Massacre,6/19/2002,"Bus Stop, French Hill Junction, Jerusalem",Jerusalem,YES,YES,Yes,YES,-770507804,YES,,6/19/2002,CORRECT,Jerusalem (West),JERUSALEM INCORRECT,YES,200206190001,http://www.start.umd.edu/gtd/search/IncidentSummary.aspx?gtdid=200206190001,2002-06-19.pdf (https://dl.airtable.com/3IPxpKhRXCdknVECMHGp_2002-06-19.pdf),YES,,6/19/2002,CORRECT,Jerusalem (West Bank and Gaza Strip),,CORRECT,
103,Emmanuel Bus 189 Attack,7/16/2002,"Bus 189, Near Emmanuel, West Bank",Emmanuel,YES,NO,NO,NO,,,,,,,,NOT SUICIDE,200207160001,http://www.start.umd.edu/gtd/search/IncidentSummary.aspx?gtdid=200207160001,2002-07-16.pdf (https://dl.airtable.com/F1gYG7FVTnq8bHicZqb9_2002-07-16.pdf),,,,,Near Emanuel,checked,,
104,Tel Aviv Neve Shaanan Street Bombing,7/17/2002,"Neve Sha'anan St., Tel Aviv",Tel Aviv,YES,YES,Yes,YES,833607745,YES,,7/17/2002,CORRECT,Tel Aviv,CORRECT,YES,200207170001,http://www.start.umd.edu/gtd/search/IncidentSummary.aspx?gtdid=200207170001,2002-07-17.pdf (https://dl.airtable.com/4YIz2fODSxX1mEYGPKQZ_2002-07-17.pdf),YES,,7/17/2002,CORRECT,Tel Aviv,,CORRECT,
105,Jerusalem Yemenite Falafel Center Bombing,7/30/2002,"Yemenite Falafel Center, HaNevi’im Street, Jerusalem",Jerusalem,YES,YES,Yes,YES,251475941,YES,,7/30/2002,CORRECT,Jerusalem (West),CORRECT,YES,200207300003,http://www.start.umd.edu/gtd/search/IncidentSummary.aspx?gtdid=200207300003,2002-07-30.pdf (https://dl.airtable.com/e3e7s8N6SzM8tucZqjkm_2002-07-30.pdf),YES,,7/30/2002,CORRECT,Jerusalem,,CORRECT,
106,"Hebrew University Massacre, Jerusalem",7/31/2002,"Hebrew University, Jerusalem",Jerusalem,YES,NO,NO,NO,,,,,,,,YES,200208010009,http://www.start.umd.edu/gtd/search/IncidentSummary.aspx?gtdid=200208010009,2002-08-01.pdf (https://dl.airtable.com/U9lVkcffSid4xaJWu3Us_2002-08-01.pdf),NO,Not a suicide attack. The terrorist left the bomb and escaped.,8/1/2002,INCORRECT,Jerusalem,,CORRECT,In GTD: event coded suicide bombing; date coded 1 August
324,"Bus in Rafah Area Unverified Attack, Gaza Strip",8/1/2002,"Near Rafah, Gaza Strip",Rafah,NO,NO,NO,NO,,,,,,,,YES,200208010007,http://www.start.umd.edu/gtd/search/IncidentSummary.aspx?gtdid=200208010007,2002-08-01 (rafah).pdf (https://dl.airtable.com/oyoUdVR7QC6Uei5MPsaQ_2002-08-01%20(rafah).pdf),EVENT DID NOT HAPPEN,Could not verify event. Sole source cited by GTD is a terrorist organization's communiqué.,8/1/2002,EVENT DID NOT HAPPEN,Rafah,checked,EVENT DID NOT HAPPEN,
107,Meron Junction Bus 361 Attack,8/4/2002,"Bus 361, Meron Junction",Meron,YES,YES,Yes,YES,525259624,YES,,8/4/2002,CORRECT,Meron,AREA,NOT SUICIDE,200208040004,http://www.start.umd.edu/gtd/search/IncidentSummary.aspx?gtdid=200208040004,2002-08-04.pdf (https://dl.airtable.com/DMKU0ouaT8SdEcRF3Jhl_2002-08-04.pdf),,,8/4/2002,,Near Haifa; At Damascus gate,checked,,"In GTD: event coded as not suicide, location as ""Near Haifa"" and ""At Damascus Gate"""
349,Jerusalem Old City Damascus Gate Shooting,8/4/2002,"Damascus Gate, Jerusalem",Jerusalem,UNCLEAR,UNCLEAR,NO,NO,,,,,,,,YES,200208040003,http://www.start.umd.edu/gtd/search/IncidentSummary.aspx?gtdid=200208040003,2002-08-04.pdf (https://dl.airtable.com/L3FjVJMiSA60224VskMs_2002-08-04.pdf),NO,Could not verify event. Probably a conflation of two attacks – a suicide attack at Meron Junction and a shooting attack in the Old City of Jerusalem.,8/4/2002,CORRECT,Jerusalem,,CORRECT,"NOT bomb attack. Casualties NOT soldiers. Could not establish suicide attack. Another entry on http://www.start.umd.edu/gtd/search/IncidentSummary.aspx?gtdid=200208040012
"
108,First Umm al-Fahm Junction Bombing,8/5/2002,"Umm al-Fahm Junction, Wadi Ara",Umm al-Fahm,YES,YES,Yes,YES,831418780,YES,,8/6/2002,INCORRECT,Umm Al-Fahm,AREA,YES,200208050004,http://www.start.umd.edu/gtd/search/IncidentSummary.aspx?gtdid=200208050004,2002-08-05.pdf (https://dl.airtable.com/W3nAKUkiSH6UrQtObAbg_2002-08-05.pdf),YES,,8/5/2002,CORRECT,Hadera,,INCORRECT,In CPOST: date coded 6 August. In GTD: location coded Hadera. MALAM: Date coded 6 August 
325,Har Bracha Settlement Attack,8/31/2002,"Har Bracha, West Bank",Har Bracha,YES,NO,NO,NO,,,,,,,,YES,200208310002,http://www.start.umd.edu/gtd/search/IncidentSummary.aspx?gtdid=200208310002,2002-08-31.pdf (https://dl.airtable.com/qxUv3pcnQcKTPMwW3dyV_2002-08-31.pdf),NO,There is no evidence that this was a suicide attack attempt. Attacker tried to escape.,8/31/2002,CORRECT,Har Bracha,,CORRECT,
109,Second Umm al-Fahm Junction Bombing,9/18/2002,"Bus Stop, Umm al-Fahm Junction, Wadi Ara",Umm al-Fahm,YES,YES,Yes,YES,-473818992,YES,,9/18/2002,CORRECT,Umm Al-Fahm,AREA,YES,200209180001,http://www.start.umd.edu/gtd/search/IncidentSummary.aspx?gtdid=200209180001,2002-09-18.pdf (https://dl.airtable.com/dDzPZaDWRspS1xnAi3U6_2002-09-18.pdf),YES,,9/18/2002,CORRECT,Umm al-Fahm,,AREA,
110,Tel Aviv Allenby Street Bus 4 Bombing,9/19/2002,"Bus 4, Near Great Synagogue, Allenby St., Tel Aviv",Tel Aviv,YES,YES,Yes,YES,-2101445564,YES,,9/19/2002,CORRECT,Tel Aviv,CORRECT,YES,200209190001,http://www.start.umd.edu/gtd/search/IncidentSummary.aspx?gtdid=200209190001,2002-09-19.pdf (https://dl.airtable.com/BZPvyFq8T3msg8XmTYri_2002-09-19.pdf),YES,,9/19/2002,CORRECT,Tel Aviv,,CORRECT,Correct date is 19 September
111,Ramat Gan Bus 87 Bombing,10/10/2002,"Bus 87, Bus Stop at Bar-Ilan interchange, Geha road, Near Ramat Gan",Ramat Gan,YES,YES,Yes,YES,1432133882,YES,,10/10/2002,CORRECT,Ramat Gan,AREA,YES,200210100001,http://www.start.umd.edu/gtd/search/IncidentSummary.aspx?gtdid=200210100001,2002-10-10.pdf (https://dl.airtable.com/0dpCZyUnQc2FbRwkDhp2_2002-10-10.pdf),YES,,10/10/2002,CORRECT,Tel Aviv,,INCORRECT,In GTD: location coded Tel Aviv
326,Tel Aviv Failed Attack Near US Embassy,10/11/2002,"Near US Embassy, Tel Aviv",Tel Aviv,YES,ATTACK AVERTED,Yes,NO,,,,,,,,YES,200210110002,http://www.start.umd.edu/gtd/search/IncidentSummary.aspx?gtdid=200210110002,2002-10-11.pdf (https://dl.airtable.com/EVOqbvKzSbWmjrNGb5FB_2002-10-11.pdf),YES,,10/11/2002,CORRECT,Tel Aviv,,CORRECT,
112,Karkur Junction Bus 841 Suicide Bombing,10/21/2002,"Bus 841, Karkur Junction",Karkur,YES,YES,Yes,YES,277967774,YES,,10/21/2002,CORRECT,Hadera,INCORRECT,YES,200210220001,http://www.start.umd.edu/gtd/search/IncidentSummary.aspx?gtdid=200210220001,2002-10-22.pdf (https://dl.airtable.com/UgSfNVLjTLiSBvJZi7AE_2002-10-22.pdf),YES,,10/22/2002,INCORRECT,Pardes Hanna,checked,CORRECT,In GTD: date coded 22 October
113,Ariel Gas Station Bombing,10/27/2002,"Ariel, West Bank",Ariel,YES,YES,Yes,YES,27,UNCLEAR,Bomb might have been detonated when a civilian shot the attacker.,10/27/2002,CORRECT,Ariel (S),CORRECT,YES,200210270001,http://www.start.umd.edu/gtd/search/IncidentSummary.aspx?gtdid=200210270001,2002-10-27.pdf (https://dl.airtable.com/abd8vWV7QyicFIim5lGk_2002-10-27.pdf),,,10/27/2002,CORRECT,Ariel,checked,CORRECT,Explosion may have been caused by shooting at the terrorist
114,Kfar Sava Shopping Mall Bombing,11/4/2002,"Arim Shopping Mall, Corner of Katsnelson and Dov Hoz streets, Kfar Sava",Kfar Sava,YES,YES,Yes,YES,-2123020174,YES,,11/4/2002,CORRECT,Kefar Saba,CORRECT,YES,200211040006,http://www.start.umd.edu/gtd/search/IncidentSummary.aspx?gtdid=200211040006,2002-11-04.pdf (https://dl.airtable.com/zryVXtSGQmm2v7n34LlC_2002-11-04.pdf),YES,,11/4/2002,CORRECT,Kefar Sava,,CORRECT,
233,"IDF Checkpoint Bombing, West Bank",11/7/2002,"IDF Checkpoint, West Bank",,YES,UNCLEAR,NO,YES,606688099,UNCLEAR,It is unclear whether the attacker detonated the bomb himself or was it detonated as a result of soldiers shooting at him.,11/7/2002,CORRECT,Kedumim (S),AREA,NO,,,,,,,,,,,
234,Bombing Near Kibbutz Metzer,11/8/2002,Near Kibbutz Metzer,Metzer,YES,UNCLEAR,NO,YES,-1531544235,PROBABLY,,11/8/2002,CORRECT,Metzer,AREA,NO,,,,,,,,,,,Correct day should be 10 November
353,"Failed Attack Near Erez Crossing, Gaza Strip",11/11/2002,"Near Erez Crossing, Gaza Strip",Erez Checkpoint,YES,ATTACK AVERTED,Yes,NO,,,,,,,,NO,,,,,,,,,,,
115,Jerusalem Kiryat Menachem Bus 20 Bombing,11/21/2002,"Bus 20, Mexico St., Kiryat Menahem, Jerusalem",Jerusalem,YES,YES,Yes,YES,-1891794700,YES,,11/21/2002,CORRECT,Jerusalem (West),CORRECT,YES,200211210004,http://www.start.umd.edu/gtd/search/IncidentSummary.aspx?gtdid=200211210004,2002-11-21.pdf (https://dl.airtable.com/Ai6J1xcVSG899e26r9Ox_2002-11-21.pdf),YES,,11/21/2002,CORRECT,Jerusalem,,CORRECT,
235,Boat Bomb near Dugit,11/22/2002,"Near IDF Boat, At Sea, Near Dugit, Gaza Strip",Dugit,YES,PROBABLY,Yes,YES,969061469,UNCLEAR,It is unclear whether the boat exploded – was it because the two attackers detonated a bomb or was the explosion a result of the IDF boat firing at it?,11/22/2002,CORRECT,Dugit (S),AREA,YES,200211220001,http://www.start.umd.edu/gtd/search/IncidentSummary.aspx?gtdid=200211220001,2002-11-22.pdf (https://dl.airtable.com/QfpUUi5Rz6QsqBu9YSP6_2002-11-22.pdf),PROBABLY,,11/22/2002,CORRECT,Erez; The incident took place off the Erez Crossing,,AREA,"In GTD: location coded ""Erez"""
236,"Failed Erez Crossing Car Bomb, Gaza Strip",11/27/2002,"Erez Crossing, Gaza Strip",Erez Checkpoint,YES,PROBABLY,Yes,YES,1533449793,UNCLEAR,There is no unequivocal evidence that the attacker intentionally detonated the car.,11/27/2002,CORRECT,Erez Crossing,CORRECT,YES,200211270001,http://www.start.umd.edu/gtd/search/IncidentSummary.aspx?gtdid=200211270001,2002-11-27.pdf (https://dl.airtable.com/3EihPkUZRNK7bmobp3Ki_2002-11-27.pdf),YES,,11/27/2002,CORRECT,Erez,,CORRECT,
116,Tel-Aviv Old Central Bus Station Massacre,1/5/2003,"Neve Sha'anan and HaGdud HaIvri streets, Near Old Central Bus Station, Tel Aviv",Tel Aviv,YES,YES,Yes,YES,189030388,YES,,1/5/2003,CORRECT,Tel Aviv,CORRECT,YES,200301050001,http://www.start.umd.edu/gtd/search/IncidentSummary.aspx?gtdid=200301050001,2003-01-05.pdf (https://dl.airtable.com/uFuuYtwkQmu25M9Ut799_2003-01-05.pdf),YES,,1/5/2003,CORRECT,Tel Aviv,,CORRECT,
237,Boat Bomb off Gaza Coast,1/17/2003,"At Sea, West of Dugit, Gaza Strip",Dugit,YES,YES,Yes,YES,-2071951000,YES,,1/17/2003,CORRECT,Gaza City,INCORRECT,YES,200301170002,http://www.start.umd.edu/gtd/search/IncidentSummary.aspx?gtdid=200301170002,2003-01-17.pdf (https://dl.airtable.com/lKbtiFlHQRWbayAW428w_2003-01-17.pdf),YES,,1/17/2003,CORRECT,Dugit; The attack occurred 2.5 miles off the coast of Dugit,checked,CORRECT,
327,"Attack on Al-Qarrarah Checkpoint, Gaza Strip",2/9/2003,"Al-Qarrarah Checkpoint, Gaza Strip",Gaza Strip,YES,YES,Yes,NO,,,,,,,,YES,200302090001,http://www.start.umd.edu/gtd/search/IncidentSummary.aspx?gtdid=200302090001,2003-02-09.pdf (https://dl.airtable.com/IPHusPtdQr6H0nLkr57S_2003-02-09.pdf),YES,,2/9/2003,CORRECT,Al-Qarrarah,,CORRECT,
328,Arrest of Suicide Bomber in Ramallah,2/10/2003,"Ramallah, West Bank",Ramallah,YES,ATTACK AVERTED,NO,NO,,,,,,,,YES,200302100002,http://www.start.umd.edu/gtd/search/IncidentSummary.aspx?gtdid=200302100002,2003-02-10.pdf (https://dl.airtable.com/dqnTFSfoRQqBt39QazKA_2003-02-10.pdf),UNCLEAR,"Attacker was arrested in a hotel room in Ramallah, not in Israel.",2/10/2003,CORRECT,Ramallah,,CORRECT,
238,Gaza City Tank Bombing,2/19/2003,Gaza City,Gaza City,UNCLEAR,UNCLEAR,NO,YES,-381286087,UNCLEAR,"We could not verify this event in any non-Palestinian source. If there were a suicide bomber, he did not blow up any IDF tank.",2/19/2003,CORRECT,Gaza City,CORRECT,NOT SUICIDE,200302150001,http://www.start.umd.edu/gtd/search/IncidentSummary.aspx?gtdid=200302150001,2003-02-15.pdf (https://dl.airtable.com/sgEZQHhiS0eKFelU9Zc1_2003-02-15.pdf),,,,,Dugit,,,"Apparently, CPOST refers to a non-suicide attack on an Israeli tank from 15 February (see GTD)"
117,Haifa Bus 37 Suicide Bombing,3/5/2003,"Bus 37, Moriah Blvd., Carmeliya Neighborhood, Haifa",Haifa,YES,YES,Yes,YES,-1134639204,YES,,3/5/2003,CORRECT,Haifa,CORRECT,YES,200303050002,http://www.start.umd.edu/gtd/search/IncidentSummary.aspx?gtdid=200303050002,2003-03-05.pdf (https://dl.airtable.com/r38nVyRITPeBJVcH5PpQ_2003-03-05.pdf),YES,,3/5/2003,CORRECT,Haifa,,CORRECT,
329,Kiryat Arba Shooting,3/7/2003,"Kiryat Arba, West Bank",Kiryat Arba,YES,UNCLEAR,NO,NO,,,,,,,,YES,200303070003,http://www.start.umd.edu/gtd/search/IncidentSummary.aspx?gtdid=200303070003,2003-03-07 (kiryat arba).pdf (https://dl.airtable.com/823lcAk1QmCQ1FR0rcOy_2003-03-07%20(kiryat%20arba).pdf),UNCLEAR,"One of the attackers wore an explosive belt, but it is unclear whether the attackers really did not intend to return from the attack alive.",3/7/2003,CORRECT,Kiryat Arba,,CORRECT,
330,Nahal Negohot Shootout,3/7/2003,"Negohot, West Bank",Negohot,YES,UNCLEAR,NO,NO,,,,,,,,YES,200303070004,http://www.start.umd.edu/gtd/search/IncidentSummary.aspx?gtdid=200303070004,2003-03-07 (nahal negohot).pdf (https://dl.airtable.com/b7K0LNBEQnyz8TaoUPin_2003-03-07%20(nahal%20negohot).pdf),UNCLEAR,"One of the attackers wore an explosive belt, but it is unclear whether the attackers really did not intend to return from the attack alive.",3/7/2003,CORRECT,Nahal Negohot,,CORRECT,
118,Netanya London Café bombing,3/30/2003,"Café London, Independence Sq., Netanya",Netanya,YES,YES,Yes,YES,1804858929,YES,,3/30/2003,CORRECT,Natanya,CORRECT,YES,200303300001,http://www.start.umd.edu/gtd/search/IncidentSummary.aspx?gtdid=200303300001,2003-03-30.pdf (https://dl.airtable.com/hmhwrVRTCuzzDK8anFBg_2003-03-30.pdf),YES,,3/30/2003,CORRECT,Netanya,,CORRECT,
358,"Karni Krossing Attack, Gaza Strip",4/15/2003,"Karni Crossing, Gaza Strip",Karni Crossing,YES,PROBABLY,Yes,NO,,,,,,,,NOT SUICIDE,200304150002,http://www.start.umd.edu/gtd/search/IncidentSummary.aspx?gtdid=200304150002,2003-04-15.pdf (https://dl.airtable.com/tL0oR0SSKKnU7XXmmw8r_2003-04-15.pdf),,,,,Karni Crossing,,,
119,Kfar Sava Train Station Bombing,4/24/2003,"Train Station, Kfar Sava",Kfar Sava,YES,YES,Yes,YES,-1664216508,YES,,4/24/2003,CORRECT,Kefar Saba,CORRECT,YES,200304240001,http://www.start.umd.edu/gtd/search/IncidentSummary.aspx?gtdid=200304240001,2003-04-24.pdf (https://dl.airtable.com/6ivhmKv3ROmLNZ1eoZqT_2003-04-24.pdf),YES,,4/24/2003,CORRECT,Kefar Sava,,CORRECT,
120,Tel Aviv Promenade Mike's Place Pub Suicide Bombing,4/30/2003,"Mike's Place Pub, Promenade, Tel Aviv",Tel Aviv,YES,YES,Yes,YES,-1959405015,YES,,5/1/2003,INCORRECT,Tel Aviv,CORRECT,YES,200304300001,http://www.start.umd.edu/gtd/search/IncidentSummary.aspx?gtdid=200304300001,2003-04-30.pdf (https://dl.airtable.com/eFICRaWYRaOFmbWiIeug_2003-04-30.pdf),YES,,4/30/2003,CORRECT,Tel Aviv,,CORRECT,In CPOST: date coded 1 May
239,"Kfar Darom IDF Outpost Attack, Gaza Strip",5/8/2003,"Near IDF Tank, IDF Outpost, Near Kfar Darom",Kfar Darom,YES,YES,Yes,YES,-362618900,YES,,5/8/2003,CORRECT,Kefar Darom (S),AREA,YES,200305080004,http://www.start.umd.edu/gtd/search/IncidentSummary.aspx?gtdid=200305080004,2003-05-08.pdf (https://dl.airtable.com/YztX6YCTE2MPuzmNYHAN_2003-05-08.pdf),YES,,5/8/2003,CORRECT,Kfar Darom,checked,CORRECT,
121,Hebron Gross Square Attack,5/17/2003,"Gross square, Hebron, West Bank",Hebron,YES,YES,Yes,YES,-503264325,YES,,5/17/2003,CORRECT,Hebron (S),CORRECT,YES,200305170004,http://www.start.umd.edu/gtd/search/IncidentSummary.aspx?gtdid=200305170004,2003-05-17.pdf (https://dl.airtable.com/5vV8vBVRSJiau9SiRKqz_2003-05-17.pdf),YES,,5/17/2003,CORRECT,Hebron,,CORRECT,
241,Jerusalem Dahiyat al-Barid Bombing,5/18/2003,"Dahiyat al-Barid, Jerusalem",Jerusalem,NO,YES,NO,YES,614225674,EVENT DID NOT HAPPEN,We could not verify this event. Probably a duplicate of a similar event in Jerusalem in the same day.,5/18/2003,EVENT DID NOT HAPPEN,Jerusalem (West),EVENT DID NOT HAPPEN,NO,,,,,,,,,,,
240,Jerusalem Security Barrier Attack,5/18/2003,"Security Barrier, Jerusalem",Jerusalem,YES,YES,Yes,YES,-306258738,YES,,5/18/2003,CORRECT,Jerusalem (West),JERUSALEM INCORRECT,YES,200305180002,http://www.start.umd.edu/gtd/search/IncidentSummary.aspx?gtdid=200305180002,2003-05-18 (b).pdf (https://dl.airtable.com/M4J6cxftR2GAiywZGynu_2003-05-18%20(b).pdf),YES,,5/18/2003,CORRECT,Dahiat al Barid (Israel),,CORRECT,"Might be the same event coded twice (see next event, CPOST 614225674). MALAM coded to this event and not the other one because perpetrator name matches."
122,Jerusalem French Hill Bus 6 Bombing,5/18/2003,"Bus 6, French Hill Junction, Jerusalem",Jerusalem,YES,YES,Yes,YES,-937391681,YES,,5/18/2003,CORRECT,Jerusalem (West),JERUSALEM INCORRECT,YES,200305180001,http://www.start.umd.edu/gtd/search/IncidentSummary.aspx?gtdid=200305180001,2003-05-18.pdf (https://dl.airtable.com/EPpDmm2VTai9am31K0l6_2003-05-18.pdf),YES,,5/18/2003,CORRECT,Jerusalem,,CORRECT,
124,Afula Shopping Mall bombing,5/19/2003,"Amakim Mall, Afula",Afula,YES,YES,Yes,YES,581166522,YES,,5/19/2003,CORRECT,Afula,CORRECT,YES,200305190004,http://www.start.umd.edu/gtd/search/IncidentSummary.aspx?gtdid=200305190004,2003-05-19 (afula).pdf (https://dl.airtable.com/7POp33ASO2FBiTUP14OL_2003-05-19%20(afula).pdf),YES,,5/19/2003,CORRECT,Afula,,CORRECT,
123,"Kfar Darom Bombing, Gaza Strip",5/19/2003,"Near Kfar Darom, Gaza Strip",Kfar Darom,YES,YES,Yes,YES,308198663,YES,,5/19/2003,CORRECT,Kefar Darom (S),AREA,YES,200305190007,http://www.start.umd.edu/gtd/search/IncidentSummary.aspx?gtdid=200305190007,2003-05-19 (kfar darom).pdf (https://dl.airtable.com/Dhrtso3yTC2KiDW1ZoQp_2003-05-19%20(kfar%20darom).pdf),YES,,5/19/2003,CORRECT,Kfar Darom,checked,CORRECT,
125,"Netzarim Roadside Bomb, Gaza Strip",5/22/2003,"Netzarim, Gaza Strip",Netzarim,YES,NO,NO,NO,,,,,,,,NOT SUICIDE,200305230002,http://www.start.umd.edu/gtd/search/IncidentSummary.aspx?gtdid=200305230002,2003-05-23.pdf (https://dl.airtable.com/lByxOiMQQbikImgNdEvr_2003-05-23.pdf),,,,,Near Netzarim; The incident took place near the Jewish settlement of Netzarim,checked,,Correct date may be 23 May
331,"Killing of a Suicide Bomber Near Sufa, Gaza Strip",5/30/2003,"Near Sufa, Gaza Strip",Sufa,YES,UNCLEAR,NO,NO,,,,,,,,YES,200305300004,http://www.start.umd.edu/gtd/search/IncidentSummary.aspx?gtdid=200305300004,2003-05-30.pdf (https://dl.airtable.com/VMwoNi9URoSa7gjJMk6t_2003-05-30.pdf),PROBABLY,,5/30/2003,CORRECT,Unknown; The incident took place near Sufa,,AREA,
126,Jerusalem Davidka Square Bus 14A Bombing,6/11/2003,"Bus 14A, Near Davidka Sq., Downtown Jerusalem",Jerusalem,YES,YES,Yes,YES,772191590,YES,,6/11/2003,CORRECT,Jerusalem (West),CORRECT,YES,200306110002,http://www.start.umd.edu/gtd/search/IncidentSummary.aspx?gtdid=200306110002,2003-06-11.pdf (https://dl.airtable.com/rsDGA3MHTqGRQ4B3044r_2003-06-11.pdf),YES,,6/11/2003,CORRECT,Jerusalem,,CORRECT,
127,Moshav Sdei Trumot Bombing,6/19/2003,Moshav Sdei Trumot,Sdei Trumot,YES,YES,Yes,YES,-422391789,YES,,6/19/2003,CORRECT,Beit Shean,INCORRECT,YES,200306190001,http://www.start.umd.edu/gtd/search/IncidentSummary.aspx?gtdid=200306190001,2003-06-19.pdf (https://dl.airtable.com/C36bZKBkR0SsjEEVkaa3_2003-06-19.pdf),YES,,6/19/2003,CORRECT,Sdei Trumot,,CORRECT,
128,Moshav Kfar Yavetz Bombing,7/7/2003,Moshav Kfar Yavetz,Kfar Yavetz,YES,YES,Yes,YES,-1526982402,YES,,7/8/2003,INCORRECT,Kfar Yavets,CORRECT,YES,200307070009,http://www.start.umd.edu/gtd/search/IncidentSummary.aspx?gtdid=200307070009,2003-07-07.pdf (https://dl.airtable.com/joKCXdhSpONQ3XQDg4xM_2003-07-07.pdf),YES,,7/7/2003,CORRECT,Kfar Yavetz,,CORRECT,In CPOST: date coded 8 July
129,Ariel Bus Stop Bombing,8/12/2003,"Bus Stop, Outside Ariel ",Ariel,YES,YES,Yes,YES,-90405062,YES,,8/12/2003,CORRECT,Ariel (S),AREA,YES,200308120002,http://www.start.umd.edu/gtd/search/IncidentSummary.aspx?gtdid=200308120002,2003-08-12 (ariel).pdf (https://dl.airtable.com/a4SXtAKRSx29rJk2Yawg_2003-08-12%20(ariel).pdf),YES,,8/12/2003,CORRECT,Ariel,checked,CORRECT,
130,Rosh HaAyin Minimarket Bombing,8/12/2003,"Minimarket, Bezeq St., Rosh HaAyin",Rosh HaAyin,YES,YES,Yes,YES,2027865322,YES,,8/12/2003,CORRECT,Rosh HaAyin,CORRECT,YES,200308120001,http://www.start.umd.edu/gtd/search/IncidentSummary.aspx?gtdid=200308120001,2003-08-12 (rosh haayin).pdf (https://dl.airtable.com/TGcDw5G2TzWVsxFRLToy_2003-08-12%20(rosh%20haayin).pdf),YES,,8/12/2003,CORRECT,Rosh Haayin,,CORRECT,
131,Jerusalem Shmuel HaNavi Bus 2 bombing,8/19/2003,"Bus 2, Shmuel HaNavi St., Jerusalem",Jerusalem,YES,YES,Yes,YES,2008779066,YES,,8/19/2003,CORRECT,Jerusalem (West),CORRECT,YES,200308190002,http://www.start.umd.edu/gtd/search/IncidentSummary.aspx?gtdid=200308190002,2003-08-19.pdf (https://dl.airtable.com/AVDuuhmLS5uC7DsDCqYg_2003-08-19.pdf),YES,,8/19/2003,CORRECT,Jerusalem,,CORRECT,
133,Jerusalem Café Hillel Bombing,9/9/2003,"Café Hillel, Emek Refaim St., Jerusalem",Jerusalem,YES,YES,Yes,YES,1121664256,YES,,9/9/2003,CORRECT,Jerusalem (West),CORRECT,YES,200309090001,http://www.start.umd.edu/gtd/search/IncidentSummary.aspx?gtdid=200309090001,2003-09-09 (jerusalem).pdf (https://dl.airtable.com/FAp2tsKcRM2RkHLyfYEa_2003-09-09%20(jerusalem).pdf),YES,,9/9/2003,CORRECT,Jerusalem,,CORRECT,
132,Tzrifin Army Base Bus Stop Attack,9/9/2003,"Bus Stop, Near Tzrifin Army Base ",Tzrifin,YES,YES,Yes,YES,-1209982959,YES,,9/9/2003,CORRECT,Tzrifin,CORRECT,YES,200309090002,http://www.start.umd.edu/gtd/search/IncidentSummary.aspx?gtdid=200309090002,2003-09-09 (tzrifin).pdf (https://dl.airtable.com/ErAdRmRymyGpTkgsQJQv_2003-09-09%20(tzrifin).pdf),YES,,9/9/2003,CORRECT,Tzrifin,,CORRECT,
134,Haifa Maxim Restaurant Massacre,10/4/2003,"Maxim Restaurant, Haifa",Haifa,YES,YES,Yes,YES,-1052966610,YES,,10/4/2003,CORRECT,Haifa,CORRECT,YES,200310040002,http://www.start.umd.edu/gtd/search/IncidentSummary.aspx?gtdid=200310040002,2003-10-04.pdf (https://dl.airtable.com/Z9ezXm5kQVaogZgBQBG8_2003-10-04.pdf),YES,,10/4/2003,CORRECT,Haifa,,CORRECT,
135,Tulkarem DCO Offices Bombing,10/9/2003,"DCO Offices, Tulkarem, West Bank",Tulkarem,YES,YES,Yes,YES,-1123020774,YES,,10/9/2003,CORRECT,Tulkarm,CORRECT,YES,200310090004,http://www.start.umd.edu/gtd/search/IncidentSummary.aspx?gtdid=200310090004,2003-10-09.pdf (https://dl.airtable.com/38hvJGAIS9uNcmb7TPxw_2003-10-09.pdf),YES,,10/9/2003,CORRECT,Tulkarem,checked,CORRECT,
136,"Beit Hanoun Junction Bombing, Gaza Strip",10/15/2003,Gaza Strip,Gaza Strip,YES,NO,NO,NO,,,,,,,,NOT SUICIDE,200310150002,http://www.start.umd.edu/gtd/search/IncidentSummary.aspx?gtdid=200310150002,2003-10-15.pdf (https://dl.airtable.com/81a5Jc75Sq2AcAFpOxYQ_2003-10-15.pdf),,,,,Near Beit Hanoun; South of the Erez crossing point near Beit Hanoun,checked,,
137,Azzoun Village Bombing,11/3/2003,"Azzoun Village, West Bank",Azzoun,YES,YES,Yes,YES,-1535294010,YES,,11/3/2003,CORRECT,Qaqilyah,INCORRECT,YES,200311030001,http://www.start.umd.edu/gtd/search/IncidentSummary.aspx?gtdid=200311030001,2003-11-03.pdf (https://dl.airtable.com/HyIrBi4XQw2mSbbkSOg4_2003-11-03.pdf),YES,,11/3/2003,CORRECT,Azzun,,CORRECT,
332,Bardala Arrest of Suicide Bombers,12/3/2003,"Bardala, West Bank",Bardala,YES,ATTACK AVERTED,NO,NO,,,,,,,,YES,200312030003,http://www.start.umd.edu/gtd/search/IncidentSummary.aspx?gtdid=200312030003,2003-12-03.pdf (https://dl.airtable.com/uQxpr7srQvOpzggI9BLs_2003-12-03.pdf),YES,,12/3/2003,CORRECT,Bardala,,CORRECT,
333,Hableh Arrest of Suicide Bombers,12/8/2003,"Hableh, West Bank",Hableh,YES,ATTACK AVERTED,NO,NO,,,,,,,,YES,200312080002,http://www.start.umd.edu/gtd/search/IncidentSummary.aspx?gtdid=200312080002,2003-12-08.pdf (https://dl.airtable.com/KFwPQiCuRJS1tySv4ZgE_2003-12-08.pdf),YES,,12/8/2003,CORRECT,Near Rosh Haayin; This incident occurred at a security check point before entry into town,checked,INCORRECT,
138,Geha Interchange Bus Stop Bombing,12/25/2003,"Bus Stop, Near Geha Bridge, Near Bnei Brak and Petah Tikva",Bnei Brak,YES,YES,Yes,YES,2078969394,YES,,12/25/2003,CORRECT,Peta Tikva,AREA,YES,200312250001,http://www.start.umd.edu/gtd/search/IncidentSummary.aspx?gtdid=200312250001,2003-12-25.pdf (https://dl.airtable.com/ilLFpCFdTf6eEpgkrz4I_2003-12-25.pdf),YES,,12/25/2003,CORRECT,Tel Aviv,,INCORRECT,In GTD: location coded Tel Aviv
242,Jinsafut Work Accident,1/11/2004,"Near Jinsafut Village, West Bank",Jinsafut,YES,UNCLEAR,NO,YES,89057833,NO,"Apparently, the explosion was the result of a ""work accident.""
",1/11/2004,CORRECT,Jinsafut,AREA,YES,200401110002,http://www.start.umd.edu/gtd/search/IncidentSummary.aspx?gtdid=200401110002,2004-01-11.pdf (https://dl.airtable.com/s6HXgN5TSoGp609TKPK8_2004-01-11.pdf),YES,,1/11/2004,CORRECT,Qedumim,,INCORRECT,"Probably a work accident, not suicide attack according to CPOST criteria. In GTD: location coded Kdumim"
139,"Erez Crossing Attack, Gaza Strip",1/14/2004,"Erez Crossing, Gaza Strip",Erez Checkpoint,YES,YES,Yes,YES,1565824350,YES,,1/14/2004,CORRECT,Gaza City,INCORRECT,YES,200401140001,http://www.start.umd.edu/gtd/search/IncidentSummary.aspx?gtdid=200401140001,2004-01-14.pdf (https://dl.airtable.com/ceFZ1QZbQgSen6D2jKB4_2004-01-14.pdf),YES,,1/14/2004,CORRECT,Erez,,CORRECT,
140,Jerusalem Gaza Street Bus 19 Bombing,1/29/2004,"Bus 19, Corner of Gaza and Arlozorov dStreets, Rehavia, Jerusalem",Jerusalem,YES,YES,Yes,YES,1618675249,YES,,1/29/2004,CORRECT,Jerusalem (West),CORRECT,YES,200401290001,http://www.start.umd.edu/gtd/search/IncidentSummary.aspx?gtdid=200401290001,2004-01-29.pdf (https://dl.airtable.com/vDvFiEc9QqCSjkdgJ0LG_2004-01-29.pdf),YES,,1/29/2004,CORRECT,Jerusalem,,CORRECT,
141,Jerusalem Liberty Bell Park Bus 14A Bombing,2/22/2004,"Bus 14A, Near Liberty Bell Garden, Jerusalem",Jerusalem,YES,YES,Yes,YES,105598966,YES,,2/22/2004,CORRECT,Jerusalem (West),CORRECT,YES,200402220001,http://www.start.umd.edu/gtd/search/IncidentSummary.aspx?gtdid=200402220001,2004-02-22.pdf (https://dl.airtable.com/0PlYeLtQ82pSo5JaTvcR_2004-02-22.pdf),YES,,2/22/2004,CORRECT,Jerusalem,,CORRECT,
243,"Kfar Darom Bycicle Bomb, Gaza Strip",2/27/2004,"IDF Outpost, Near Kfar Darom, Gaza Strip",Kfar Darom,YES,PROBABLY,Yes,YES,-882594288,UNCLEAR,"Bomb detonated prematurely, possibly as a result of a technical failure,",2/27/2004,CORRECT,Kefar Darom (S),CORRECT,NO,,,,,,,,,,,Could have been an accident
142,"Erez Crossing attack, Gaza Strip",3/6/2004,"Erez Crossing, Gaza Strip",Erez Checkpoint,YES,YES,Yes,NO,,,,,,,,YES,200403060004,http://www.start.umd.edu/gtd/search/IncidentSummary.aspx?gtdid=200403060004,2004-03-06.pdf (https://dl.airtable.com/N0m4ZEdVQjKuWUOboCAJ_2004-03-06.pdf),YES,,3/6/2004,CORRECT,Erez,,CORRECT,
143,Ashdod Port Massacre,3/14/2004,"Seaport, Ashdod",Ashdod,YES,YES,Yes,YES,-540075166,YES,,3/14/2004,CORRECT,Ashdod,CORRECT,YES,200403140001,http://www.start.umd.edu/gtd/search/IncidentSummary.aspx?gtdid=200403140001,2004-03-14.pdf (https://dl.airtable.com/Auy00xq3Sq6wO5jMSpea_2004-03-14.pdf),YES,,3/14/2004,CORRECT,Ashdod,,CORRECT,
144,"Erez Crossing attack, Gaza Strip",4/17/2004,"Erez Crossing, Gaza Strip",Erez Checkpoint,YES,YES,Yes,YES,442945200,YES,,4/17/2004,CORRECT,Erez Crossing,CORRECT,YES,200404170003,http://www.start.umd.edu/gtd/search/IncidentSummary.aspx?gtdid=200404170003,2004-04-17.pdf (https://dl.airtable.com/SCclAtQqTOipJDxpzkwz_2004-04-17.pdf),YES,,4/17/2004,CORRECT,Erez,,CORRECT,
145,"Deir al-Balah Suicide Attack, Gaza Strip",4/26/2004,"Maghazi, Deir al-Balah, Gaza Strip",Maghazi,YES,PROBABLY,Yes,NO,,,,,,,,NO,,,,,,,,,,,
244,"Kfar Darom Car Bomb, Gaza Strip",4/28/2004,"Near Kfar Darom, Gaza Strip",Kfar Darom,YES,PROBABLY,Yes,YES,1433731134,UNCLEAR,It is unclear whether the attacker caused the jeep's detonation or was it or the IDF soldiers' fire.,4/28/2004,CORRECT,Kefar Darom (S),AREA,YES,200404280001,http://www.start.umd.edu/gtd/search/IncidentSummary.aspx?gtdid=200404280001,2004-04-28.pdf (https://dl.airtable.com/xZVZrfQtQJa2tlsdTiSt_2004-04-28.pdf),YES,,4/28/2004,CORRECT,Unknown,,AREA,"Explosion might have been caused by IDF fire. In GTD: location coded ""Unknown"""
146,Beka'ot IDF Checkpoint Bombing,5/22/2004,"Beka'ot IDF Checkpoint, West Bank",Beka'ot,YES,YES,Yes,YES,-1662930568,YES,,5/22/2004,CORRECT,Beka'ot (S),AREA,YES,200405220002,http://www.start.umd.edu/gtd/search/IncidentSummary.aspx?gtdid=200405220002,2004-05-22.pdf (https://dl.airtable.com/LM9nmUzvR6mLUkHk3u3X_2004-05-22.pdf),YES,,5/22/2004,CORRECT,Beqa'ot,,AREA,
245,"Rafah Bomb Jeep, Gaza Strip",5/28/2004,"Rafah Terminal, Gaza Strip",Rafah,YES,PROBABLY,Yes,YES,-19695629,PROBABLY,,5/28/2004,CORRECT,Rafah,AREA,NO,,,,,,,,,,,
334,Ramallah Arrest of Jerusalem Intended Bomber,7/2/2004,"Ramallah, West Bank",Ramallah,YES,ATTACK AVERTED,NO,NO,,,,,,,,YES,200407020004,http://www.start.umd.edu/gtd/search/IncidentSummary.aspx?gtdid=200407020004,2004-07-02.pdf (https://dl.airtable.com/xTEUmzYHQ3apWiN72Hcw_2004-07-02.pdf),YES,,7/2/2004,CORRECT,Ramallah,,CORRECT,
147,Tel Aviv Bus Stop Bombing,7/11/2004,"Har Zion Blvd., Tel Aviv",Tel Aviv,YES,NO,NO,NO,,,,,,,,NOT SUICIDE,200407110001,http://www.start.umd.edu/gtd/search/IncidentSummary.aspx?gtdid=200407110001,2004-07-11.pdf (https://dl.airtable.com/Ke9jZ6YcRWKWMrWAMqUg_2004-07-11.pdf),,,,,Tel Aviv,,,
335,Huwwarah Checkpoint Arrest of Terrorist,8/4/2004,"Huwwarah Checkpoint, near Nablus, West Bank",Nablus,YES,ATTACK AVERTED,NO,NO,,,,,,,,YES,200408040003,http://www.start.umd.edu/gtd/search/IncidentSummary.aspx?gtdid=200408040003,2004-08-04.pdf (https://dl.airtable.com/OIK5CTYJSaLoDKrLzKNL_2004-08-04.pdf),YES,,8/4/2004,CORRECT,Near Nablus; This incident occurred at the Huwwarah checkpoint near Nablus,checked,AREA,
148,Qalandiya IDF Checkpoint Attack,8/11/2004,"Qalandiya IDF Checkpoint, Near Qalandiya, West Bank",Qalandiya,YES,NO,NO,YES,255018646,NO,Bomb was apparently detonated with a remote control. Car was empty when it blew up.,8/11/2004,CORRECT,Qalandiya,AREA,NOT SUICIDE,200408110001,http://www.start.umd.edu/gtd/search/IncidentSummary.aspx?gtdid=200408110001,2004-08-11.pdf (https://dl.airtable.com/UHnhmA1SiaVxTKX4deaz_2004-08-11.pdf),,,,,Near Jerusalem; This incident occurred near the Kalandia checkpoint on the road between Jerusalem and Ramallah,checked,,
149,Beersheba Buses 6 and 12 Bombings,8/31/2004,"Buses 6 and 12, Rager and HaMeshahrerim Streets, Beetsheba",Beersheba,YES,YES,Yes,YES,-932749832,YES,,8/31/2004,CORRECT,Beersheba,CORRECT,NO,,,,,,,,,,,"In CPOST: Split into two ""average"" events; In GTD: event does not appear"
177,CPOST Dual Coding - Beersheba Buses 6 and 12 Bombings,8/31/2004,"Bus 12, Beersheba",Beersheba,YES,DUPLICATE,NO,DUPLICATE,1902871973,DUPLICATE,,8/31/2004,DUPLICATE,Beersheba,CORRECT+DUPLICATE,NO,,,,,,,,,,,
151,Hableh Gate Bombing,9/14/2004,"Hableh Gate, Near Qalqilya",Qalqilya,YES,YES,Yes,YES,-1335384661,YES,,9/14/2004,CORRECT,Qaqilyah,AREA,YES,200409140005,http://www.start.umd.edu/gtd/search/IncidentSummary.aspx?gtdid=200409140005,2004-09-14.pdf (https://dl.airtable.com/xokpBW6NQ3mAGwAIU548_2004-09-14.pdf),YES,,9/14/2004,CORRECT,Qalqilya,,AREA,"Actual location: near Qalqilya. In CPOST and GTD: location coded ""Qalqilya"". "
152,Jerusalem French Hill Junction Bombing,9/22/2004,"French Hill Junction, Jerusalem",Jerusalem,YES,YES,Yes,YES,999006748,YES,,9/22/2004,CORRECT,Jerusalem (West),JERUSALEM INCORRECT,YES,200409220001,http://www.start.umd.edu/gtd/search/IncidentSummary.aspx?gtdid=200409220001,2004-09-22.pdf (https://dl.airtable.com/QG92swJSSwqiWJU1oMFM_2004-09-22.pdf),YES,,9/22/2004,CORRECT,Jerusalem (West Bank and Gaza Strip),,CORRECT,
246,"Jebaliya Refugee Camp Bombing, Gaza Strip",10/5/2004,"Jebaliya Refugee Camp, Gaza Strip",Jebaliya,YES,YES,Yes,YES,755311217,YES,,10/5/2004,CORRECT,Jabaliya,CORRECT,NO,,,,,,,,,,,
153,Sinai Bombings,10/7/2004,"Sinai peninsula, Egypt",,"YES, OUTSIDE ISRAEL",YES,NO,NO,,,,,,,,,,,,,,,,,,,Not in Israel/Palestine
154,Tel Aviv Carmel Market Bombing,11/1/2004,"Carmel Market, Rambam St., Tel Aviv",Tel Aviv,YES,YES,Yes,YES,-1265315167,YES,,11/1/2004,CORRECT,Tel Aviv,CORRECT,YES,200411010001,http://www.start.umd.edu/gtd/search/IncidentSummary.aspx?gtdid=200411010001,2004-11-01.pdf (https://dl.airtable.com/zfNpzHjeQlGl5Gdxpub1_2004-11-01.pdf),YES,,11/1/2004,CORRECT,Tel Aviv,,CORRECT,
336,Arrest Near Nablus of Attacker of IDF Paratroopers,12/4/2004,"Nablus, West Bank",Nablus,YES,ATTACK AVERTED,NO,NO,,,,,,,,YES,200412040002,http://www.start.umd.edu/gtd/search/IncidentSummary.aspx?gtdid=200412040002,2004-12-04.pdf (https://dl.airtable.com/qwpBIDQhTFKXz9Xa5yAd_2004-12-04.pdf),YES,,12/4/2004,CORRECT,Nablus,,CORRECT,
156,"Morag Attack, Gaza Strip",1/12/2005,"Near Morag, Gaza Strip",Morag,YES,NO,NO,NO,,,,,,,,NOT SUICIDE,200501120001,http://www.start.umd.edu/gtd/search/IncidentSummary.aspx?gtdid=200501120001,2005-01-12.pdf (https://dl.airtable.com/7wSZYnodRQWi5byGCbbA_2005-01-12.pdf),,,,,Near Morag,checked,,
157,"Karni Crossing Attack, Gaza Strip",1/13/2005,"Karni crossing, Gaza Strip",Karni Crossing,YES,UNCLEAR,NO,NO,,,,,,,,NOT SUICIDE,200501140002,http://www.start.umd.edu/gtd/search/IncidentSummary.aspx?gtdid=200501140002,2004-09-14.pdf (https://dl.airtable.com/shka2DorQOiavwfGG1ir_2004-09-14.pdf),,,,,Karni,,,In GTD: date coded 14 January
158,"Orhan Checkpoint Attack, Gaza Strip",1/18/2005,"IDF Orhan Checkpoint, Gush Katif Junction, Gaza Strip",Gush Katif,YES,YES,Yes,YES,-2121629020,YES,,1/18/2005,CORRECT,Gush Katif (S),AREA,YES,200501180002,http://www.start.umd.edu/gtd/search/IncidentSummary.aspx?gtdid=200501180002,2005-01-18.pdf (https://dl.airtable.com/pNyIEJ6NS4CHzPyGlUOu_2005-01-18.pdf),YES,,1/18/2005,CORRECT,Near Gosh Qatif; The incident occurred at the at the Abu Hawli Crossing Israeli army checkpoint,checked,CORRECT,
159,Tel Aviv Promenade Stage Club Bombing,2/25/2005,"Stage Club, Promenade, Tel Aviv",Tel Aviv,YES,YES,Yes,YES,-869112163,YES,,2/25/2005,CORRECT,Tel Aviv,CORRECT,YES,200502250001,http://www.start.umd.edu/gtd/search/IncidentSummary.aspx?gtdid=200502250001,2005-02-25.pdf (https://dl.airtable.com/NkWUn318SdKfIz4S5JTt_2005-02-25.pdf),YES,,2/25/2005,CORRECT,Tel Aviv,,CORRECT,
160,First Netanya HaSharon Mall Bombing,7/12/2005,"Near HaSharon Mall, Corner of Herzl and Petah Tikva Streets, Netanya",Netanya,YES,YES,Yes,YES,327188960,YES,,7/12/2005,CORRECT,Natanya,CORRECT,YES,200507120001,http://www.start.umd.edu/gtd/search/IncidentSummary.aspx?gtdid=200507120001,2005-07-12.pdf (https://dl.airtable.com/xB9MxJpQRdG9tQz9G30W_2005-07-12.pdf),YES,,7/12/2005,CORRECT,Netanya,,CORRECT,
247,CPOST Dual Coding - Beersheba Central Bus Station Bombing ,8/12/2005,"Central Bus Station, Beersheba",Beersheba,YES,DUPLICATE,NO,DUPLICATE,-1113757559,DUPLICATE,,8/12/2005,INCORRECT+DUPLICATE,Beersheba,CORRECT+DUPLICATE,NO,,,,,,,,,,,"CPOST: Apparently refers to the 28 August 2005 incident (which is coded separately). If so, the MALAM document is equally incorrect."
161,Beersheba Central Bus Station Bombing ,8/28/2005,"Central Bus Station, Beersheba",Beersheba,YES,YES,Yes,YES,-1538000409,YES,,8/28/2005,CORRECT,Beersheba,CORRECT,YES,200508280003,http://www.start.umd.edu/gtd/search/IncidentSummary.aspx?gtdid=200508280003,2005-08-28.pdf (https://dl.airtable.com/djUnt0MRcOXK6H5ZsWyA_2005-08-28.pdf),YES,,8/28/2005,CORRECT,Beersheba,,CORRECT,
162,Hadera Market Bombing,10/26/2005,"Market, Cornet of Herbert Samuel and Rothschild Streets, Hadera",Hadera,YES,YES,Yes,YES,-2134654500,YES,,10/26/2005,CORRECT,Hadera,CORRECT,YES,200510260001,http://www.start.umd.edu/gtd/search/IncidentSummary.aspx?gtdid=200510260001,2005-10-26.pdf (https://dl.airtable.com/KB6gcCuRRRyfX6d37Uog_2005-10-26.pdf),YES,,10/26/2005,CORRECT,Hadera,,CORRECT,
163,Second Netanya HaSharon Mall Bombing,12/5/2005,"Outside HaSharon Shopping Mall, Netanya",Netanya,YES,YES,Yes,YES,-664168402,YES,,12/5/2005,CORRECT,Natanya,CORRECT,YES,200512050001,http://www.start.umd.edu/gtd/search/IncidentSummary.aspx?gtdid=200512050001,2005-12-05.pdf (https://dl.airtable.com/kAEIuJbKTlidySEQChZ6_2005-12-05.pdf),YES,,12/5/2005,CORRECT,Netanya,,CORRECT,
164,Tulkarem IDF Roadblock Bombing,12/29/2005,"IDF Checkpoint, South of Tulkarem, West Bank",Tulkarem,YES,YES,Yes,YES,1230235399,YES,,12/29/2005,CORRECT,Tulkarm,AREA,YES,200512290002,http://www.start.umd.edu/gtd/search/IncidentSummary.aspx?gtdid=200512290002,2005-12-29.pdf (https://dl.airtable.com/OAW6QFZjRu6n25EttLlJ_2005-12-29.pdf),YES,,12/29/2005,CORRECT,Near Tulkarem; At an Israeli checkpoint near the northern West Bank town of Tulkarm,checked,CORRECT,
248,Jenin Suicide Attack,1/12/2006,"Near Jenin, West Bank",Jenin,YES,YES,Yes,YES,1180047694,YES,,1/12/2006,CORRECT,Jenin,AREA,YES,200601120002,http://www.start.umd.edu/gtd/search/IncidentSummary.aspx?gtdid=200601120002,2006-01-12.pdf (https://dl.airtable.com/4QZ5TwRlSFuue8xJwBg5_2006-01-12.pdf),YES,,1/12/2006,CORRECT,Jenin,,AREA,
165,First Tel Aviv Rosh Ha'ir Restaurant Bombing,1/19/2006,"Rosh Ha’Ir Restaurant, Corner of Salomon and Neve Sha'anan Streets, Tel Aviv",Tel Aviv,YES,YES,Yes,YES,-1232312096,YES,,1/19/2006,CORRECT,Tel Aviv,CORRECT,YES,200601190003,http://www.start.umd.edu/gtd/search/IncidentSummary.aspx?gtdid=200601190003,2006-01-19.pdf (https://dl.airtable.com/Yzr00TQRGOIr1NU4vXB1_2006-01-19.pdf),YES,,1/19/2006,CORRECT,Tel Aviv,,CORRECT,
166,Kedumim Bombing,3/30/2006,"Near Kdumim, West Bank",Kdumim,YES,YES,Yes,YES,1756879033,PROBABLY,"According to some speculations, the attacker intended to blow himself at a large population center within Israel but the charge detonated prematurely while he was inside the car in which he was hitchhiking.",3/30/2006,CORRECT,Kedumim (S),AREA,YES,200603300001,http://www.start.umd.edu/gtd/search/IncidentSummary.aspx?gtdid=200603300001,2006-03-30.pdf (https://dl.airtable.com/qPa2CXrRtuZNf67HT3uw_2006-03-30.pdf),YES,,3/30/2006,CORRECT,Kedumim,,AREA,In GTD: coded 3 fatalities included the terrorist
337,Thwarted Beit Shean Attack,4/2/2006,"Industrial Zone, Beit Shean",Beit Shean,YES,ATTACK AVERTED,NO,NO,,,,,,,,YES,200604020012,http://www.start.umd.edu/gtd/search/IncidentSummary.aspx?gtdid=200604020012,2006-04-02.pdf (https://dl.airtable.com/hvnbrZ8RgSDn2iknVE79_2006-04-02.pdf),UNCLEAR,"The arrested men did not possess any explosive device. According to some versions, they were innocent Palestinians who did not plan any attack but rather searched for work in Israel.",4/2/2006,CORRECT,Beit Shean,checked,AREA,
167,Second Tel Aviv Rosh Ha'ir Restaurant Bombing,4/17/2006,"Rosh Ha’Ir Restaurant, Corner of Salomon and Neve Sha'anan Streets, Tel Aviv",Tel Aviv,YES,YES,Yes,YES,92886340,YES,,4/17/2006,CORRECT,Tel Aviv,CORRECT,YES,200604170001,http://www.start.umd.edu/gtd/search/IncidentSummary.aspx?gtdid=200604170001,2006-04-17.pdf (https://dl.airtable.com/sa9P4lQSRP68uvsUDHdq_2006-04-17.pdf),YES,,4/17/2006,CORRECT,Tel Aviv,,CORRECT,
338,Capture of Bomber near Barkan,7/5/2006,"Near Barkan, West Bank",Barkan,YES,ATTACK AVERTED,NO,NO,,,,,,,,YES,200607050022,http://www.start.umd.edu/gtd/search/IncidentSummary.aspx?gtdid=200607050022,2006-07-05.pdf (https://dl.airtable.com/0VvvwApeTXG8IM0lQzcn_2006-07-05.pdf),YES,,7/5/2006,CORRECT,Near Barkan,checked,CORRECT,
249,"Beit Hanoun Suicide Attack, Gaza Strip",11/6/2006,"IDF Checkpoint, Beit Hanoun, Gaza Strip",Beit Hanoun,YES,YES,Yes,YES,365318388,YES,,11/6/2006,CORRECT,Bayt Hanun,CORRECT,NO,,,,,,,,,,,
250,"Jebaliya Bombing, Gaza Strip",11/23/2006,"Jebaliya Refugee Camp, Gaza Strip",Jebaliya,YES,YES,Yes,YES,-1362080607,UNCLEAR,"Apparently, the explosive device was detonated by a shock grenade that one of the soldiers had thrown at the attacker.",11/23/2006,CORRECT,Jabaliya,CORRECT,NO,,,,,,,,,,,
168,Eilat Bakery Bombing,1/29/2007,"Lehamim Bakery, Eilat",Eilat,YES,YES,Yes,YES,862872376,YES,,1/29/2007,CORRECT,Eilat,CORRECT,YES,200701290001,http://www.start.umd.edu/gtd/search/IncidentSummary.aspx?gtdid=200701290001,2007-01-29.pdf (https://dl.airtable.com/LvEjKghQQi63KbFzpC8n_2007-01-29.pdf),YES,,1/29/2007,CORRECT,Eilat,,CORRECT,
378,Arrest of Intended Attacked Near Egypt Border,9/3/2007,Near Border with Egypt (Attacker's Destination: Beersheba),Beersheba,YES,ATTACK AVERTED,Yes,NO,,,,,,,,NO,,,,,,,,,,,"Actual date when terrorist was caught: September 3 2007.
"
169,Dimona Shopping Center Bombing,2/4/2008,"Shopping Center, Dimona",Dimona,YES,YES,Yes,YES,582203618,YES,,2/4/2008,CORRECT,Dimona,CORRECT,YES,200802040001,http://www.start.umd.edu/gtd/search/IncidentSummary.aspx?gtdid=200802040001,2008-02-04.pdf (https://dl.airtable.com/rgoVWgWRHKv3C2vP5hvs_2008-02-04.pdf),YES,,2/4/2008,CORRECT,Dimona,,CORRECT,
339,Jerusalem Merkaz HaRav Yeshiva Massacre,3/6/2008,"Yeshivat Merkaz HaRav, Jerusalem",Jerusalem,YES,UNCLEAR,NO,NO,,,,,,,,YES,200803060006,http://www.start.umd.edu/gtd/search/IncidentSummary.aspx?gtdid=200803060006,2008-03-06.pdf (https://dl.airtable.com/dmHlNcCGTECUi6ZC3V1S_2008-03-06.pdf),UNCLEAR,It is unclear whether the attacker intended to kill himself.,3/6/2008,CORRECT,Jerusalem,,CORRECT,
170,"Kerem Shalom Crossing Suicide Attack, Gaza Strip",4/19/2008,"Kerem Shalom Crossing, Gaza Strip",Kerem Shalom,YES,PROBABLY,Yes,YES,-1917352467,YES,,4/19/2008,CORRECT,Gaza City,INCORRECT,NO,,,,,,,,,,,
251,"Erez Crossing Truck Attack, Gaza Strip",5/22/2008,"Erez Crossing, Gaza Strip",Erez Checkpoint,YES,YES,NO,YES,534640274,YES,,5/22/2008,CORRECT,Gaza City,INCORRECT,YES,200805220012,http://www.start.umd.edu/gtd/search/IncidentSummary.aspx?gtdid=200805220012,2008-05-22.pdf (https://dl.airtable.com/tyLRtZ2HTtOLd4FOG6qT_2008-05-22.pdf),YES,,5/22/2008,CORRECT,"Near Erez; The incident occurred near an Israeli border crossing in Erez, Gaza Strip, Palestine",checked,AREA,
340,Kiryat Ata Motorcycle Bomb,3/4/2010,"Zevulun St., Kiryat Ata",Kiryat Ata,YES,NO,NO,NO,,,,,,,,YES,201003040001,http://www.start.umd.edu/gtd/search/IncidentSummary.aspx?gtdid=201003040001,2010-03-04.pdf (https://dl.airtable.com/QIaINnTiH6F2DmPDy8gr_2010-03-04.pdf),NO,"Event was criminal, not related to terrorism. Also, the explosion appears to have been an accident.",3/4/2010,CORRECT,Haifa,,INCORRECT,Real location is Kiryat Ata
341,Eilat Road 12 Combined Attack,8/18/2011,"Road 12, Near Eilat",Eilat,YES,UNCLEAR,NO,NO,,,,,,,,YES,201108180026,http://www.start.umd.edu/gtd/search/IncidentSummary.aspx?gtdid=201108180026,2011-08-18.pdf (https://dl.airtable.com/XqiGJQT5qYaGrAn4DlpA_2011-08-18.pdf),NO,No evidence could be found that the attackers intended to die during the attack.,8/18/2011,CORRECT,"Eilat; The attack took place on Rd 12 in the vicinity of Eilat, Southern District, Israel",,AREA,
342,Har Harif Battle,9/21/2012,"Har Harif Area, Near Border with Egypt",Har Harif,YES,UNCLEAR,NO,NO,,,,,,,,YES,201209210013,http://www.start.umd.edu/gtd/search/IncidentSummary.aspx?gtdid=201209210013,2012-09-21.pdf (https://dl.airtable.com/KyLdnIvMSHOh0i09Z72A_2012-09-21.pdf),UNCLEAR,"Attackers wore an explosive belt, but they did not use it and no evidence was found that they intended to do so.",9/21/2012,CORRECT,Har Harif,,AREA,
343,Tapuah Failed Attack,5/30/2014,"IDF Checkpoint, Near Tapuah, West Bank",Tapuah,YES,ATTACK AVERTED,NO,NO,,,,,,,,YES,201405300017,http://www.start.umd.edu/gtd/search/IncidentSummary.aspx?gtdid=201405300017,2014-05-30.pdf (https://dl.airtable.com/vBluPdR86V9WHIewjPzA_2014-05-30.pdf),PROBABLY,"Apparently, the arrested Palestinian intended to carry out a suicide attack, although according to some versions the explosive charge that he wore was not intended for this kind of attack.",5/30/2014,CORRECT,Tapuah,,AREA,
344,Southern Gaza Strip Battle,7/19/2014,Southern Gaza Strip,Gaza Strip,YES,PROBABLY,NO,NO,,,,,,,,YES,201407190027,http://www.start.umd.edu/gtd/search/IncidentSummary.aspx?gtdid=201407190027,2014-07-19.pdf (https://dl.airtable.com/t8hoZVyjRqGwfxipNt6a_2014-07-19.pdf),YES,,7/19/2014,CORRECT,Unknown; The incident occurred in the south of the strip,,AREA,
345,"Kerem Shalom Attempted Attack, Gaza Strip",7/24/2014,"Gaza Strip, En Route to Kibbutz Kerem Shalom",Kerem Shalom,YES,UNCLEAR,NO,NO,,,,,,,,YES,201407240026,http://www.start.umd.edu/gtd/search/IncidentSummary.aspx?gtdid=201407240026,2014-07-24.pdf (https://dl.airtable.com/RpoJSow5RuuGYx9tzXNt_2014-07-24.pdf),PROBABLY,Attack may have not happened in Israel/Palestine.,7/24/2014,CORRECT,Kerem Shalom (West Bank and Gaza Strip),,AREA,Terrorist purportedly killed by Egyptian army en route to the attack
252,"The Rafah ""Black Friday"" Incident, Gaza Strip",8/1/2014,"Rafah, Gaza Strip",Rafah,YES,UNCLEAR,NO,YES,1412091963,UNCLEAR,It is unclear whether the attacking force included a suicide bomber.,8/1/2014,CORRECT,Nahal Oz,INCORRECT,YES,201408010005,http://www.start.umd.edu/gtd/search/IncidentSummary.aspx?gtdid=201408010005,2014-08-01.pdf (https://dl.airtable.com/qb6jxR1KTwKqDFZSUXH4_2014-08-01.pdf),UNCLEAR,It is unclear whether the attacking force included a suicide bomber.,8/1/2014,CORRECT,"Unknown, Gaza Strip",,AREA,
346,Thwarted Attack Near Salem,9/22/2014,"Military Courthouse, Near Salem, West Bank",Salem,UNCLEAR,UNCLEAR,NO,NO,,,,,,,,YES,201409220110,http://www.start.umd.edu/gtd/search/IncidentSummary.aspx?gtdid=201409220110,2014-09-22.pdf (https://dl.airtable.com/lGnx3lMPRDKY7Q7pONcc_2014-09-22.pdf),UNCLEAR,We could not find any source that verified the event other than the Jerusalem Post article cited by GTD-START,9/22/2014,CORRECT,Salem,,AREA,
171,Maale Adumim Attempted Bombing,10/11/2015,"Az-Za'ayyem Checkpoint, Ma’ale Adumim-Jerusalem Road",Maale Adumim,YES,PROBABLY,Yes,NO,,,,,,,,YES,201510110021,http://www.start.umd.edu/gtd/search/IncidentSummary.aspx?gtdid=201510110021,2015-10-11.pdf (https://dl.airtable.com/tXdoYIhpQEiGwHuvw56C_2015-10-11.pdf),YES,,10/11/2015,CORRECT,Near Maale Adumim,checked,CORRECT,
172,Jerusalem Bus 12 Bombing,4/18/2016,"Bus 12, Moshe Bar'am St., Near Patt Junction, Jerusalem",Jerusalem,YES,YES,Yes,YES,1468607509,UNCLEAR,"Attacker did not die during the attack (but was severely wounded and died three days later). Event might have been an accident (according to some versions, the attacker intended to leave the explosive charge in the bus and escape but it exploded prematurely).",4/18/2016,CORRECT,Jerusalem (West),CORRECT,YES,201604180006,http://www.start.umd.edu/gtd/search/IncidentSummary.aspx?gtdid=201604180006,2016-04-18.pdf (https://dl.airtable.com/tIHRY4sjSLCQDACKMtei_2016-04-18.pdf),YES,,4/18/2016,CORRECT,Jerusalem,,CORRECT,
347,Beit Horon Stabbing Attempt,4/28/2016,"Bell Checkpoint, Near Beit Horon, Route 443, West Bank",Beit Horon,YES,UNCLEAR,NO,NO,,,,,,,,YES,201604280041,http://www.start.umd.edu/gtd/search/IncidentSummary.aspx?gtdid=201604280041,2016-04-28.pdf (https://dl.airtable.com/TA7BlJYZSOxIolzuJa1A_2016-04-28.pdf),PROBABLY,,4/28/2016,CORRECT,Beit Horon,checked,CORRECT,